,"Input dims, index dim, reduce factor (RF)",Input size,Sparsity,Total elements,Input memory,Total Memory,GPU clock time (IQR)
0,2; 0; 1,"(2738, 2738)",0,7499382,15.015192,35.651584,9.832882089540363e-05(0.0)
1,2; 0; 2,"(2738, 2738)",0,7498013,15.00424,39.845888,5.050963955000043e-05(0.0)
2,2; 0; 4,"(2738, 2738)",0,7497328,14.99876,39.845888,2.7912469813600183e-05(0.0)
3,2; 0; 8,"(2738, 2738)",0,7496986,14.996024,39.845888,1.6255609225481748e-05(0.0)
4,2; 1; 1,"(2738, 2738)",0,7499382,15.015192,35.651584,0.00011065742932260036(0.0)
5,2; 1; 2,"(2738, 2738)",0,7498013,15.00424,39.845888,5.182080902159214e-05(0.0)
6,2; 1; 4,"(2738, 2738)",0,7497328,14.99876,39.845888,2.764587989076972e-05(0.0)
7,2; 1; 8,"(2738, 2738)",0,7496986,14.996024,39.845888,1.6364420298486947e-05(0.0)
8,2; 0; 1,"(3073, 3073)",0,9446402,18.911242,44.040192,0.00013634562026709318(0.0)
9,2; 0; 2,"(3073, 3073)",0,9444865,18.898946,44.040192,6.198887014761567e-05(0.0)
10,2; 0; 4,"(3073, 3073)",0,9444097,18.892802,44.040192,3.37563909124583e-05(0.0)
11,2; 0; 8,"(3073, 3073)",0,9443713,18.88973,44.040192,1.8987359944730996e-05(0.0)
12,2; 1; 1,"(3073, 3073)",0,9446402,18.911242,44.040192,0.0001433318795170635(0.0)
13,2; 1; 2,"(3073, 3073)",0,9444865,18.898946,44.040192,6.616872968152166e-05(0.0)
14,2; 1; 4,"(3073, 3073)",0,9444097,18.892802,44.040192,3.5964950220659376e-05(0.0)
15,2; 1; 8,"(3073, 3073)",0,9443713,18.88973,44.040192,2.0192029187455772e-05(0.0)
16,2; 0; 1,"(3374, 3374)",0,11387250,22.794744,48.234496,0.00017019949038513005(0.0)
17,2; 0; 2,"(3374, 3374)",0,11385563,22.781248,37.748736,7.431978941895068e-05(0.0)
18,2; 0; 4,"(3374, 3374)",0,11384719,22.774496,46.137344,3.930583014152944e-05(0.0)
19,2; 0; 8,"(3374, 3374)",0,11384297,22.77112,46.137344,2.1759989904239775e-05(0.0)
20,2; 1; 1,"(3374, 3374)",0,11387250,22.794744,48.234496,0.0001766094600316137(0.0)
21,2; 1; 2,"(3374, 3374)",0,11385563,22.781248,37.748736,8.90400295611471e-05(0.0)
22,2; 1; 4,"(3374, 3374)",0,11384719,22.774496,46.137344,4.82823490165174e-05(0.0)
23,2; 1; 8,"(3374, 3374)",0,11384297,22.77112,46.137344,2.6319969911128283e-05(0.0)
24,2; 0; 1,"(3651, 3651)",0,13333452,26.68881,56.623104,0.00019711638917215167(0.0)
25,2; 0; 2,"(3651, 3651)",0,13331626,26.674202,44.040192,8.939487976022065e-05(0.0)
26,2; 0; 4,"(3651, 3651)",0,13330713,26.666898,50.331648,4.553617094643414e-05(0.0)
27,2; 0; 8,"(3651, 3651)",0,13330257,26.66325,50.331648,2.5441920151934027e-05(0.0)
28,2; 1; 1,"(3651, 3651)",0,13333452,26.68881,56.623104,0.00020393915008753538(0.0)
29,2; 1; 2,"(3651, 3651)",0,13331626,26.674202,44.040192,0.00010639201034791768(0.0)
30,2; 1; 4,"(3651, 3651)",0,13330713,26.666898,50.331648,5.6092559825628994e-05(0.0)
31,2; 1; 8,"(3651, 3651)",0,13330257,26.66325,50.331648,3.307680948637426e-05(0.0)
32,2; 0; 1,"(3908, 3908)",0,15276372,30.576192,65.011712,0.000224696840159595(0.0)
33,2; 0; 2,"(3908, 3908)",0,15274418,30.56056,50.331648,0.00010713930940255523(0.0)
34,2; 0; 4,"(3908, 3908)",0,15273441,30.552744,54.525952,5.093413987196982e-05(0.0)
35,2; 0; 8,"(3908, 3908)",0,15272952,30.548832,54.525952,2.8150929138064386e-05(0.0)
36,2; 1; 1,"(3908, 3908)",0,15276372,30.576192,65.011712,0.0002350718795787543(0.0)
37,2; 1; 2,"(3908, 3908)",0,15274418,30.56056,50.331648,0.0001228163402993232(0.0)
38,2; 1; 4,"(3908, 3908)",0,15273441,30.552744,54.525952,6.012085010297596e-05(0.0)
39,2; 1; 8,"(3908, 3908)",0,15272952,30.548832,54.525952,3.66224895697087e-05(0.0)
40,2; 0; 1,"(4149, 4149)",0,17218350,34.461594,73.40032,0.0002344024204649031(0.0)
41,2; 0; 2,"(4149, 4149)",0,17216275,34.444994,56.623104,0.00011641990044154226(0.0)
42,2; 0; 4,"(4149, 4149)",0,17215238,34.436698,58.720256,5.103723029606044e-05(0.0)
43,2; 0; 8,"(4149, 4149)",0,17214719,34.432546,58.720256,2.7860680129379036e-05(0.0)
44,2; 1; 1,"(4149, 4149)",0,17218350,34.461594,73.40032,0.00023877086001448334(0.0)
45,2; 1; 2,"(4149, 4149)",0,17216275,34.444994,56.623104,0.00012571139028295876(0.0)
46,2; 1; 4,"(4149, 4149)",0,17215238,34.436698,58.720256,6.793476059101522e-05(0.0)
47,2; 1; 8,"(4149, 4149)",0,17214719,34.432546,58.720256,4.106816020794213e-05(0.0)
48,2; 0; 1,"(4377, 4377)",0,19162506,38.351274,81.788928,0.00025860411929897966(0.0)
49,2; 0; 2,"(4377, 4377)",0,19160317,38.333762,62.91456,0.00013064348953776062(0.0)
50,2; 0; 4,"(4377, 4377)",0,19159223,38.32501,62.91456,5.607052007690072e-05(0.0)
51,2; 0; 8,"(4377, 4377)",0,19158676,38.320634,62.91456,3.0069639906287192e-05(0.0)
52,2; 1; 1,"(4377, 4377)",0,19162506,38.351274,81.788928,0.0002698687301017344(0.0)
53,2; 1; 2,"(4377, 4377)",0,19160317,38.333762,62.91456,0.00014100632048211993(0.0)
54,2; 1; 4,"(4377, 4377)",0,19159223,38.32501,62.91456,7.090986007824541e-05(0.0)
55,2; 1; 8,"(4377, 4377)",0,19158676,38.320634,62.91456,4.330978030338883e-05(0.0)
56,2; 0; 1,"(4594, 4594)",0,21109430,42.246424,90.177536,0.0002641644899267703(0.0)
57,2; 0; 2,"(4594, 4594)",0,21107133,42.228048,69.206016,0.00013583746971562505(0.0)
58,2; 0; 4,"(4594, 4594)",0,21105984,42.218856,58.720256,5.6815630523487924e-05(0.0)
59,2; 0; 8,"(4594, 4594)",0,21105410,42.214264,67.108864,3.0004819855093956e-05(0.0)
60,2; 1; 1,"(4594, 4594)",0,21109430,42.246424,90.177536,0.00027796178008429703(0.0)
61,2; 1; 2,"(4594, 4594)",0,21107133,42.228048,69.206016,0.00014325555064715446(0.0)
62,2; 1; 4,"(4594, 4594)",0,21105984,42.218856,58.720256,7.995520019903778e-05(0.0)
63,2; 1; 8,"(4594, 4594)",0,21105410,42.214264,67.108864,4.777229041792452e-05(0.0)
64,2; 0; 1,"(4801, 4801)",0,23054402,46.13761,94.37184,0.0002875052706804127(0.0)
65,2; 0; 2,"(4801, 4801)",0,23052001,46.118402,71.303168,0.00014035048079676926(0.0)
66,2; 0; 4,"(4801, 4801)",0,23050801,46.108802,60.817408,5.860038101673126e-05(0.0)
67,2; 0; 8,"(4801, 4801)",0,23050201,46.104002,69.206016,3.0365800485014914e-05(0.0)
68,2; 1; 1,"(4801, 4801)",0,23054402,46.13761,94.37184,0.00028603849932551384(0.0)
69,2; 1; 2,"(4801, 4801)",0,23052001,46.118402,71.303168,0.00014592327061109246(0.0)
70,2; 1; 4,"(4801, 4801)",0,23050801,46.108802,60.817408,8.110357099212706e-05(0.0)
71,2; 1; 8,"(4801, 4801)",0,23050201,46.104002,69.206016,5.191059084609151e-05(0.0)
72,2; 0; 1,"(5000, 5000)",0,25005000,50.04,102.760448,0.0002951900404877961(0.0)
73,2; 0; 2,"(5000, 5000)",0,25002500,50.02,77.594624,0.0001519683504011482(0.0)
74,2; 0; 4,"(5000, 5000)",0,25001250,50.01,65.011712,6.504782009869814e-05(0.0)
75,2; 0; 8,"(5000, 5000)",0,25000625,50.005,73.40032,3.2501220703125e-05(0.0)
76,2; 1; 1,"(5000, 5000)",0,25005000,50.04,102.760448,0.0003129845601506531(0.0)
77,2; 1; 2,"(5000, 5000)",0,25002500,50.02,77.594624,0.00016420761006884276(0.0)
78,2; 1; 4,"(5000, 5000)",0,25001250,50.01,65.011712,8.927255985327064e-05(0.0)
79,2; 1; 8,"(5000, 5000)",0,25000625,50.005,73.40032,5.6060999631881715e-05(0.0)
80,2; 0; 1,"(5190, 5190)",0,26941290,53.91372,111.149056,0.00031622154987417163(0.0)
81,2; 0; 2,"(5190, 5190)",0,26938695,53.89296,83.88608,0.0001610317302402109(0.0)
82,2; 0; 4,"(5190, 5190)",0,26937397,53.882576,71.303168,7.206305046565831e-05(0.0)
83,2; 0; 8,"(5190, 5190)",0,26936748,53.877384,77.594624,3.4460809547454116e-05(0.0)
84,2; 1; 1,"(5190, 5190)",0,26941290,53.91372,111.149056,0.00034242981928400695(0.0)
85,2; 1; 2,"(5190, 5190)",0,26938695,53.89296,83.88608,0.00017651078989729284(0.0)
86,2; 1; 4,"(5190, 5190)",0,26937397,53.882576,71.303168,9.580977028235793e-05(0.0)
87,2; 1; 8,"(5190, 5190)",0,26936748,53.877384,77.594624,5.96377404872328e-05(0.0)
88,2; 0; 1,"(5374, 5374)",0,28885250,57.802744,119.537664,0.00033966260962188245(0.0)
89,2; 0; 2,"(5374, 5374)",0,28882563,57.781248,90.177536,0.0001724070601630956(0.0)
90,2; 0; 4,"(5374, 5374)",0,28881219,57.770496,75.497472,8.021400077268481e-05(0.0)
91,2; 0; 8,"(5374, 5374)",0,28880547,57.76512,81.788928,3.663470968604088e-05(0.0)
92,2; 1; 1,"(5374, 5374)",0,28885250,57.802744,119.537664,0.00036950723035261034(0.0)
93,2; 1; 2,"(5374, 5374)",0,28882563,57.781248,90.177536,0.00018738887971267104(0.0)
94,2; 1; 4,"(5374, 5374)",0,28881219,57.770496,75.497472,0.0001033154095057398(0.0)
95,2; 1; 8,"(5374, 5374)",0,28880547,57.76512,81.788928,0.00012727994937449693(0.0)
96,2; 0; 1,"(5552, 5552)",0,30830256,61.693824,127.926272,0.0003610197501257062(0.0)
97,2; 0; 2,"(5552, 5552)",0,30827480,61.671616,96.468992,0.00018434935947880148(0.0)
98,2; 0; 4,"(5552, 5552)",0,30826092,61.660512,81.788928,8.802901953458786e-05(0.0)
99,2; 0; 8,"(5552, 5552)",0,30825398,61.65496,85.983232,3.9265970699489116e-05(0.0)
100,2; 1; 1,"(5552, 5552)",0,30830256,61.693824,127.926272,0.0003914365405216813(0.0)
101,2; 1; 2,"(5552, 5552)",0,30827480,61.671616,96.468992,0.00019990726024843753(0.0)
102,2; 1; 4,"(5552, 5552)",0,30826092,61.660512,81.788928,0.00011164740077219903(0.0)
103,2; 1; 8,"(5552, 5552)",0,30825398,61.65496,85.983232,8.298792061395944e-05(0.0)
104,2; 0; 1,"(5725, 5725)",0,32781350,65.59705,136.31488,0.00038181031006388364(0.0)
105,2; 0; 2,"(5725, 5725)",0,32778487,65.574146,102.760448,0.00019400495104491712(0.0)
106,2; 0; 4,"(5725, 5725)",0,32777056,65.562698,85.983232,9.564826963469386e-05(0.0)
107,2; 0; 8,"(5725, 5725)",0,32776340,65.55697,90.177536,4.1091700550168755e-05(0.0)
108,2; 1; 1,"(5725, 5725)",0,32781350,65.59705,136.31488,0.0004134840692859143(0.0)
109,2; 1; 2,"(5725, 5725)",0,32778487,65.574146,102.760448,0.0002126286190468818(0.0)
110,2; 1; 4,"(5725, 5725)",0,32777056,65.562698,85.983232,0.00011640106095001101(0.0)
111,2; 1; 8,"(5725, 5725)",0,32776340,65.55697,90.177536,7.327273022383451e-05(0.0)
112,2; 0; 1,"(5892, 5892)",0,34721556,69.478464,144.703488,0.0004020605597179383(0.0)
113,2; 0; 2,"(5892, 5892)",0,34718610,69.454896,109.051904,0.00020464678993448616(0.0)
114,2; 0; 4,"(5892, 5892)",0,34717137,69.443112,92.274688,0.00010206575971096754(0.0)
115,2; 0; 8,"(5892, 5892)",0,34716400,69.437216,94.37184,4.320258041843772e-05(0.0)
116,2; 1; 1,"(5892, 5892)",0,34721556,69.478464,144.703488,0.0004474775097332895(0.0)
117,2; 1; 2,"(5892, 5892)",0,34718610,69.454896,109.051904,0.0002300510404165834(0.0)
118,2; 1; 4,"(5892, 5892)",0,34717137,69.443112,92.274688,0.0001221736497245729(0.0)
119,2; 1; 8,"(5892, 5892)",0,34716400,69.437216,94.37184,7.540403050370514e-05(0.0)
120,2; 0; 1,"(6055, 6055)",0,36669080,73.37449,148.897792,0.00042281034984625876(0.0)
121,2; 0; 2,"(6055, 6055)",0,36666052,73.350266,113.246208,0.0002546403603628278(0.0)
122,2; 0; 4,"(6055, 6055)",0,36664538,73.338154,94.37184,0.0001085577893536538(0.0)
123,2; 0; 8,"(6055, 6055)",0,36663781,73.332098,96.468992,4.538849927484989e-05(0.0)
124,2; 1; 1,"(6055, 6055)",0,36669080,73.37449,148.897792,0.0004654280294198543(0.0)
125,2; 1; 2,"(6055, 6055)",0,36666052,73.350266,113.246208,0.0002411040710285306(0.0)
126,2; 1; 4,"(6055, 6055)",0,36664538,73.338154,94.37184,0.00012969881063327194(0.0)
127,2; 1; 8,"(6055, 6055)",0,36663781,73.332098,96.468992,8.03501601330936e-05(0.0)
128,2; 0; 1,"(6213, 6213)",0,38607582,77.252442,157.2864,0.000445106039987877(0.0)
129,2; 0; 2,"(6213, 6213)",0,38604475,77.227586,119.537664,0.000225228660274297(0.0)
130,2; 0; 4,"(6213, 6213)",0,38602922,77.215162,100.663296,0.0001150817796587944(0.0)
131,2; 0; 8,"(6213, 6213)",0,38602145,77.208946,100.663296,4.757742048241198e-05(0.0)
132,2; 1; 1,"(6213, 6213)",0,38607582,77.252442,157.2864,0.0005085757200140506(0.0)
133,2; 1; 2,"(6213, 6213)",0,38604475,77.227586,119.537664,0.0002551535307429731(0.0)
134,2; 1; 4,"(6213, 6213)",0,38602922,77.215162,100.663296,0.00013926072977483273(0.0)
135,2; 1; 8,"(6213, 6213)",0,38602145,77.208946,100.663296,8.94700305070728e-05(0.0)
136,2; 0; 1,"(6368, 6368)",0,40557792,81.153792,165.675008,0.00046262735966593025(0.0)
137,2; 0; 2,"(6368, 6368)",0,40554608,81.12832,125.82912,0.00023442909005098045(0.0)
138,2; 0; 4,"(6368, 6368)",0,40553016,81.115584,104.8576,0.00011924362974241376(0.0)
139,2; 0; 8,"(6368, 6368)",0,40552220,81.109216,104.8576,4.9745599972084166e-05(0.0)
140,2; 1; 1,"(6368, 6368)",0,40557792,81.153792,165.675008,0.0005035059701185673(0.0)
141,2; 1; 2,"(6368, 6368)",0,40554608,81.12832,125.82912,0.0002643748093396425(0.0)
142,2; 1; 4,"(6368, 6368)",0,40553016,81.115584,104.8576,0.0001434621401131153(0.0)
143,2; 1; 8,"(6368, 6368)",0,40552220,81.109216,104.8576,9.1684510698542e-05(0.0)
144,2; 0; 1,"(6519, 6519)",0,42503880,85.046874,174.063616,0.0004863626603037119(0.0)
145,2; 0; 2,"(6519, 6519)",0,42500620,85.020794,132.120576,0.0002458930900320411(0.0)
146,2; 0; 4,"(6519, 6519)",0,42498990,85.007754,111.149056,0.00012616705964319408(0.0)
147,2; 0; 8,"(6519, 6519)",0,42498175,85.001234,100.663296,5.305664031766355e-05(0.0)
148,2; 1; 1,"(6519, 6519)",0,42503880,85.046874,174.063616,0.0005418750399257988(0.0)
149,2; 1; 2,"(6519, 6519)",0,42500620,85.020794,132.120576,0.00028105523088015614(0.0)
150,2; 1; 4,"(6519, 6519)",0,42498990,85.007754,111.149056,0.00014859371003694832(0.0)
151,2; 1; 8,"(6519, 6519)",0,42498175,85.001234,100.663296,9.353690082207322e-05(0.0)
152,2; 0; 1,"(6666, 6666)",0,44442222,88.92444,182.452224,0.0005085505696479231(0.0)
153,2; 0; 2,"(6666, 6666)",0,44438889,88.897776,138.412032,0.0002581967797596008(0.0)
154,2; 0; 4,"(6666, 6666)",0,44437222,88.88444,115.34336,0.0001315528096165508(0.0)
155,2; 0; 8,"(6666, 6666)",0,44436389,88.877776,104.8576,5.539595033042133e-05(0.0)
156,2; 1; 1,"(6666, 6666)",0,44442222,88.92444,182.452224,0.0005672041594516486(0.0)
157,2; 1; 2,"(6666, 6666)",0,44438889,88.897776,138.412032,0.0002968668204266578(0.0)
158,2; 1; 4,"(6666, 6666)",0,44437222,88.88444,115.34336,0.00015919869067147375(0.0)
159,2; 1; 8,"(6666, 6666)",0,44436389,88.877776,104.8576,0.0001012042397633195(0.0)
160,2; 0; 1,"(6810, 6810)",0,46382910,92.80668,190.840832,0.0005299692205153406(0.0)
161,2; 0; 2,"(6810, 6810)",0,46379505,92.77944,144.703488,0.00026766090071760117(0.0)
162,2; 0; 4,"(6810, 6810)",0,46377802,92.765816,121.634816,0.00013674058020114897(0.0)
163,2; 0; 8,"(6810, 6810)",0,46376951,92.759008,109.051904,5.863115075044334e-05(0.0)
164,2; 1; 1,"(6810, 6810)",0,46382910,92.80668,190.840832,0.0005946275196038187(0.0)
165,2; 1; 2,"(6810, 6810)",0,46379505,92.77944,144.703488,0.0003080314490944147(0.0)
166,2; 1; 4,"(6810, 6810)",0,46377802,92.765816,121.634816,0.00017045369022525848(0.0)
167,2; 1; 8,"(6810, 6810)",0,46376951,92.759008,109.051904,0.00010687101981602609(0.0)
168,2; 0; 1,"(6952, 6952)",0,48337256,96.716224,199.22944,0.0005511718604248018(0.0)
169,2; 0; 2,"(6952, 6952)",0,48333780,96.688416,150.994944,0.0002779077098239213(0.0)
170,2; 0; 4,"(6952, 6952)",0,48332042,96.674512,125.82912,0.0001431545603554696(0.0)
171,2; 0; 8,"(6952, 6952)",0,48331173,96.66756,113.246208,6.198797025717795e-05(0.0)
172,2; 1; 1,"(6952, 6952)",0,48337256,96.716224,199.22944,0.0006298171193338931(0.0)
173,2; 1; 2,"(6952, 6952)",0,48333780,96.688416,150.994944,0.00031666461960412563(0.0)
174,2; 1; 4,"(6952, 6952)",0,48332042,96.674512,125.82912,0.00017503320937976242(0.0)
175,2; 1; 8,"(6952, 6952)",0,48331173,96.66756,113.246208,0.00010863003088161349(0.0)
176,2; 0; 1,"(7090, 7090)",0,50275190,100.59292,203.423744,0.0005689651891589164(0.0)
177,2; 0; 2,"(7090, 7090)",0,50271645,100.56456,153.092096,0.00028832674026489256(0.0)
178,2; 0; 4,"(7090, 7090)",0,50269872,100.550376,127.926272,0.00014700461993925274(0.0)
179,2; 0; 8,"(7090, 7090)",0,50268986,100.543288,115.34336,6.552033009938895e-05(0.0)
180,2; 1; 1,"(7090, 7090)",0,50275190,100.59292,203.423744,0.0006520305701997131(0.0)
181,2; 1; 2,"(7090, 7090)",0,50271645,100.56456,153.092096,0.00033903335919603704(0.0)
182,2; 1; 4,"(7090, 7090)",0,50269872,100.550376,127.926272,0.00018138839048333465(0.0)
183,2; 1; 8,"(7090, 7090)",0,50268986,100.543288,115.34336,0.00011024467064999044(0.0)
184,2; 0; 1,"(7226, 7226)",0,52222302,104.48796,211.812352,0.0005909925897140056(0.0)
185,2; 0; 2,"(7226, 7226)",0,52218689,104.459056,159.383552,0.0002993844705633819(0.0)
186,2; 0; 4,"(7226, 7226)",0,52216882,104.4446,134.217728,0.00015229569049552083(0.0)
187,2; 0; 8,"(7226, 7226)",0,52215979,104.437376,121.634816,6.921458058059215e-05(0.0)
188,2; 1; 1,"(7226, 7226)",0,52222302,104.48796,211.812352,0.0006698103598318994(0.0)
189,2; 1; 2,"(7226, 7226)",0,52218689,104.459056,159.383552,0.00034513265010900797(0.0)
190,2; 1; 4,"(7226, 7226)",0,52216882,104.4446,134.217728,0.00018884042976424097(0.0)
191,2; 1; 8,"(7226, 7226)",0,52215979,104.437376,121.634816,0.00012708129012025892(0.0)
192,2; 0; 1,"(7359, 7359)",0,54162240,108.368634,220.20096,0.0006087415304500609(0.0)
193,2; 0; 2,"(7359, 7359)",0,54158560,108.339194,165.675008,0.0003079363808501512(0.0)
194,2; 0; 4,"(7359, 7359)",0,54156720,108.324474,138.412032,0.00015686518978327512(0.0)
195,2; 0; 8,"(7359, 7359)",0,54155800,108.317114,125.82912,7.148806937038898e-05(0.0)
196,2; 1; 1,"(7359, 7359)",0,54162240,108.368634,220.20096,0.0006950014200992883(0.0)
197,2; 1; 2,"(7359, 7359)",0,54158560,108.339194,165.675008,0.00035503169987350703(0.0)
198,2; 1; 4,"(7359, 7359)",0,54156720,108.324474,138.412032,0.00019013907993212342(0.0)
199,2; 1; 8,"(7359, 7359)",0,54155800,108.317114,125.82912,0.00013192211044952274(0.0)
200,2; 0; 1,"(7490, 7490)",0,56107590,112.26012,228.589568,0.0006297535100020468(0.0)
201,2; 0; 2,"(7490, 7490)",0,56103845,112.23016,171.966464,0.000317794349975884(0.0)
202,2; 0; 4,"(7490, 7490)",0,56101972,112.215176,144.703488,0.00016190568916499615(0.0)
203,2; 0; 8,"(7490, 7490)",0,56101036,112.207688,130.023424,7.515456993132829e-05(0.0)
204,2; 1; 1,"(7490, 7490)",0,56107590,112.26012,228.589568,0.0007462692109402269(0.0)
205,2; 1; 2,"(7490, 7490)",0,56103845,112.23016,171.966464,0.0003752829495351762(0.0)
206,2; 1; 4,"(7490, 7490)",0,56101972,112.215176,144.703488,0.0002065862703602761(0.0)
207,2; 1; 8,"(7490, 7490)",0,56101036,112.207688,130.023424,0.00012420949060469865(0.0)
208,2; 0; 1,"(7619, 7619)",0,58056780,116.159274,236.978176,0.0006499005691148341(0.0)
209,2; 0; 2,"(7619, 7619)",0,58052970,116.128794,178.25792,0.0003275754896458238(0.0)
210,2; 0; 4,"(7619, 7619)",0,58051065,116.113554,148.897792,0.0001668469002470374(0.0)
211,2; 0; 8,"(7619, 7619)",0,58050113,116.105938,134.217728,7.836803095415235e-05(0.0)
212,2; 1; 1,"(7619, 7619)",0,58056780,116.159274,236.978176,0.000752382439095527(0.0)
213,2; 1; 2,"(7619, 7619)",0,58052970,116.128794,178.25792,0.00037571466993540525(0.0)
214,2; 1; 4,"(7619, 7619)",0,58051065,116.113554,148.897792,0.00020877329050563275(0.0)
215,2; 1; 8,"(7619, 7619)",0,58050113,116.105938,134.217728,0.00012574448017403485(0.0)
216,2; 0; 1,"(7745, 7745)",0,59992770,120.03201,245.366784,0.0006690994405653327(0.0)
217,2; 0; 2,"(7745, 7745)",0,59988897,120.001026,184.549376,0.00033715273020789026(0.0)
218,2; 0; 4,"(7745, 7745)",0,59986961,119.985538,155.189248,0.00017172830062918366(0.0)
219,2; 0; 8,"(7745, 7745)",0,59985993,119.977794,140.509184,8.289766032248735e-05(0.0)
220,2; 1; 1,"(7745, 7745)",0,59992770,120.03201,245.366784,0.0007985413901042193(0.0)
221,2; 1; 2,"(7745, 7745)",0,59988897,120.001026,184.549376,0.00038163833087310193(0.0)
222,2; 1; 4,"(7745, 7745)",0,59986961,119.985538,155.189248,0.00021784226992167534(0.0)
223,2; 1; 8,"(7745, 7745)",0,59985993,119.977794,140.509184,0.00013948185020126402(0.0)
224,2; 0; 1,"(7870, 7870)",0,61944770,123.93676,253.755392,0.0006899206794332713(0.0)
225,2; 0; 2,"(7870, 7870)",0,61940835,123.90528,190.840832,0.00034779308014549316(0.0)
226,2; 0; 4,"(7870, 7870)",0,61938867,123.889536,159.383552,0.00017704432015307246(0.0)
227,2; 0; 8,"(7870, 7870)",0,61937883,123.881664,144.703488,8.684279979206621e-05(0.0)
228,2; 1; 1,"(7870, 7870)",0,61944770,123.93676,253.755392,0.0008211489010136574(0.0)
229,2; 1; 2,"(7870, 7870)",0,61940835,123.90528,190.840832,0.00041280334000475704(0.0)
230,2; 1; 4,"(7870, 7870)",0,61938867,123.889536,159.383552,0.00022347428952343762(0.0)
231,2; 1; 8,"(7870, 7870)",0,61937883,123.881664,144.703488,0.00017379409051500262(0.0)
232,2; 0; 1,"(7993, 7993)",0,63896042,127.840042,257.949696,0.0007091871707234532(0.0)
233,2; 0; 2,"(7993, 7993)",0,63892045,127.808066,195.035136,0.00035819006036035716(0.0)
234,2; 0; 4,"(7993, 7993)",0,63890047,127.792082,163.577856,0.00018185448017902673(0.0)
235,2; 0; 8,"(7993, 7993)",0,63889048,127.78409,146.80064,9.010934969410301e-05(0.0)
236,2; 1; 1,"(7993, 7993)",0,63896042,127.840042,257.949696,0.000841786969685927(0.0)
237,2; 1; 2,"(7993, 7993)",0,63892045,127.808066,195.035136,0.00042167486040852966(0.0)
238,2; 1; 4,"(7993, 7993)",0,63890047,127.792082,163.577856,0.00023180657997727395(0.0)
239,2; 1; 8,"(7993, 7993)",0,63889048,127.78409,146.80064,0.0001426616497337818(0.0)
240,2; 0; 1,"(8113, 8113)",0,65828882,131.706442,266.338304,0.0007292784401215612(0.0)
241,2; 0; 2,"(8113, 8113)",0,65824825,131.673986,201.326592,0.00036720334901474416(0.0)
242,2; 0; 4,"(8113, 8113)",0,65822797,131.657762,167.77216,0.00018699176027439535(0.0)
243,2; 0; 8,"(8113, 8113)",0,65821783,131.64965,150.994944,9.289720095694065e-05(0.0)
244,2; 1; 1,"(8113, 8113)",0,65828882,131.706442,266.338304,0.0008848100400064141(0.0)
245,2; 1; 2,"(8113, 8113)",0,65824825,131.673986,201.326592,0.0004467381804715842(0.0)
246,2; 1; 4,"(8113, 8113)",0,65822797,131.657762,167.77216,0.00023706640000455083(0.0)
247,2; 1; 8,"(8113, 8113)",0,65821783,131.64965,150.994944,0.0001512994209770113(0.0)
248,2; 0; 1,"(8232, 8232)",0,67774056,135.597504,274.726912,0.0007479651493486017(0.0)
249,2; 0; 2,"(8232, 8232)",0,67769940,135.564576,207.618048,0.000376641929615289(0.0)
250,2; 0; 4,"(8232, 8232)",0,67767882,135.548112,174.063616,0.00019158401992172002(0.0)
251,2; 0; 8,"(8232, 8232)",0,67766853,135.53988,157.2864,9.654727997258305e-05(0.0)
252,2; 1; 1,"(8232, 8232)",0,67774056,135.597504,274.726912,0.0008836516609881073(0.0)
253,2; 1; 2,"(8232, 8232)",0,67769940,135.564576,207.618048,0.0004559121502097696(0.0)
254,2; 1; 4,"(8232, 8232)",0,67767882,135.548112,174.063616,0.00024709037970751526(0.0)
255,2; 1; 8,"(8232, 8232)",0,67766853,135.53988,157.2864,0.00017832524026744067(0.0)
256,2; 0; 1,"(8349, 8349)",0,69714150,139.478394,283.11552,0.0007694011402782052(0.0)
257,2; 0; 2,"(8349, 8349)",0,69709975,139.444994,213.909504,0.00038913776981644335(0.0)
258,2; 0; 4,"(8349, 8349)",0,69707888,139.428298,178.25792,0.00019694722024723887(0.0)
259,2; 0; 8,"(8349, 8349)",0,69706844,139.419946,161.480704,9.942920994944871e-05(0.0)
260,2; 1; 1,"(8349, 8349)",0,69714150,139.478394,283.11552,0.0009371385304257273(0.0)
261,2; 1; 2,"(8349, 8349)",0,69709975,139.444994,213.909504,0.0004790246102493256(0.0)
262,2; 1; 4,"(8349, 8349)",0,69707888,139.428298,178.25792,0.000274627860635519(0.0)
263,2; 1; 8,"(8349, 8349)",0,69706844,139.419946,161.480704,0.00016737180994823574(0.0)
264,2; 0; 1,"(8465, 8465)",0,71664690,143.38017,291.504128,0.000790535049745813(0.0)
265,2; 0; 2,"(8465, 8465)",0,71660457,143.346306,220.20096,0.0003983701707329601(0.0)
266,2; 0; 4,"(8465, 8465)",0,71658341,143.329378,184.549376,0.0002025969699025154(0.0)
267,2; 0; 8,"(8465, 8465)",0,71657283,143.320914,165.675008,0.00010273704072460532(0.0)
268,2; 1; 1,"(8465, 8465)",0,71664690,143.38017,291.504128,0.0009488449804484845(0.0)
269,2; 1; 2,"(8465, 8465)",0,71660457,143.346306,220.20096,0.0004793513403274119(0.0)
270,2; 1; 4,"(8465, 8465)",0,71658341,143.329378,184.549376,0.0002614341105800122(0.0)
271,2; 1; 8,"(8465, 8465)",0,71657283,143.320914,165.675008,0.000182212459621951(0.0)
272,2; 0; 1,"(8579, 8579)",0,73607820,147.267114,299.892736,0.0008089571702294051(0.0)
273,2; 0; 2,"(8579, 8579)",0,73603530,147.232794,226.492416,0.0004075368505436927(0.0)
274,2; 0; 4,"(8579, 8579)",0,73601385,147.215634,188.74368,0.00020717700012028216(0.0)
275,2; 0; 8,"(8579, 8579)",0,73600313,147.207058,169.869312,0.00010574991931207478(0.0)
276,2; 1; 1,"(8579, 8579)",0,73607820,147.267114,299.892736,0.0009720658394508064(0.0)
277,2; 1; 2,"(8579, 8579)",0,73603530,147.232794,226.492416,0.0005046786402817815(0.0)
278,2; 1; 4,"(8579, 8579)",0,73601385,147.215634,188.74368,0.00026361109921708704(0.0)
279,2; 1; 8,"(8579, 8579)",0,73600313,147.207058,169.869312,0.00016342927934601904(0.0)
280,2; 0; 1,"(8692, 8692)",0,75559556,151.171264,308.281344,0.0008300737594254315(0.0)
281,2; 0; 2,"(8692, 8692)",0,75555210,151.136496,232.783872,0.00041717099957168103(0.0)
282,2; 0; 4,"(8692, 8692)",0,75553037,151.119112,195.035136,0.00021193054970353842(0.0)
283,2; 0; 8,"(8692, 8692)",0,75551950,151.110416,176.160768,0.00010824903030879795(0.0)
284,2; 1; 1,"(8692, 8692)",0,75559556,151.171264,308.281344,0.001027950330171734(0.0)
285,2; 1; 2,"(8692, 8692)",0,75555210,151.136496,232.783872,0.0005145237105898559(0.0)
286,2; 1; 4,"(8692, 8692)",0,75553037,151.119112,195.035136,0.00027523280936293305(0.0)
287,2; 1; 8,"(8692, 8692)",0,75551950,151.110416,176.160768,0.00016695601982064546(0.0)
288,2; 0; 1,"(8803, 8803)",0,77501612,155.056042,312.475648,0.0008504002599511296(0.0)
289,2; 0; 2,"(8803, 8803)",0,77497210,155.020826,234.881024,0.0004277683701366186(0.0)
290,2; 0; 4,"(8803, 8803)",0,77495009,155.003218,197.132288,0.00021743391989730297(0.0)
291,2; 0; 8,"(8803, 8803)",0,77493909,154.994418,178.25792,0.0001116582495160401(0.0)
292,2; 1; 1,"(8803, 8803)",0,77501612,155.056042,312.475648,0.00102546535898(0.0)
293,2; 1; 2,"(8803, 8803)",0,77497210,155.020826,234.881024,0.0005199194699525833(0.0)
294,2; 1; 4,"(8803, 8803)",0,77495009,155.003218,197.132288,0.000281249339459464(0.0)
295,2; 1; 8,"(8803, 8803)",0,77493909,154.994418,178.25792,0.00018547861953265965(0.0)
296,2; 0; 1,"(8913, 8913)",0,79450482,158.954442,320.864256,0.000871140129165724(0.0)
297,2; 0; 2,"(8913, 8913)",0,79446025,158.918786,241.17248,0.00043877820018678904(0.0)
298,2; 0; 4,"(8913, 8913)",0,79443797,158.900962,201.326592,0.00022224067011848093(0.0)
299,2; 0; 8,"(8913, 8913)",0,79442683,158.89205,182.452224,0.00011469267075881362(0.0)
300,2; 1; 1,"(8913, 8913)",0,79450482,158.954442,320.864256,0.0010663226596079767(0.0)
301,2; 1; 2,"(8913, 8913)",0,79446025,158.918786,241.17248,0.00055842722998932(0.0)
302,2; 1; 4,"(8913, 8913)",0,79443797,158.900962,201.326592,0.0002881329203955829(0.0)
303,2; 1; 8,"(8913, 8913)",0,79442683,158.89205,182.452224,0.0001824318803846836(0.0)
304,2; 0; 1,"(9021, 9021)",0,81387462,162.82905,329.252864,0.0008923828694969416(0.0)
305,2; 0; 2,"(9021, 9021)",0,81382951,162.792962,247.463936,0.00044826840050518515(0.0)
306,2; 0; 4,"(9021, 9021)",0,81380696,162.774922,207.618048,0.00022813658928498624(0.0)
307,2; 0; 8,"(9021, 9021)",0,81379568,162.765898,186.646528,0.00011697307112626732(0.0)
308,2; 1; 1,"(9021, 9021)",0,81387462,162.82905,329.252864,0.0010927012504544109(0.0)
309,2; 1; 2,"(9021, 9021)",0,81382951,162.792962,247.463936,0.0005492945190053433(0.0)
310,2; 1; 4,"(9021, 9021)",0,81380696,162.774922,207.618048,0.00029276886023581026(0.0)
311,2; 1; 8,"(9021, 9021)",0,81379568,162.765898,186.646528,0.00018029103986918926(0.0)
312,2; 0; 1,"(9128, 9128)",0,83329512,166.713792,337.641472,0.0009131321695167572(0.0)
313,2; 0; 2,"(9128, 9128)",0,83324948,166.67728,253.755392,0.00045935148024000227(0.0)
314,2; 0; 4,"(9128, 9128)",0,83322666,166.659024,211.812352,0.00023356392048299313(0.0)
315,2; 0; 8,"(9128, 9128)",0,83321525,166.649896,190.840832,0.00012015034910291433(0.0)
316,2; 1; 1,"(9128, 9128)",0,83329512,166.713792,337.641472,0.0011034723604097963(0.0)
317,2; 1; 2,"(9128, 9128)",0,83324948,166.67728,253.755392,0.0005735556397121399(0.0)
318,2; 1; 4,"(9128, 9128)",0,83322666,166.659024,211.812352,0.000301814490230754(0.0)
319,2; 1; 8,"(9128, 9128)",0,83321525,166.649896,190.840832,0.00019392985035665333(0.0)
320,2; 0; 1,"(9234, 9234)",0,85275990,170.607384,346.03008,0.000950721490662545(0.0)
321,2; 0; 2,"(9234, 9234)",0,85271373,170.570448,260.046848,0.00047839756938628853(0.0)
322,2; 0; 4,"(9234, 9234)",0,85269064,170.551976,218.103808,0.0002435652492567897(0.0)
323,2; 0; 8,"(9234, 9234)",0,85267910,170.542744,197.132288,0.00012915080995298922(0.0)
324,2; 1; 1,"(9234, 9234)",0,85275990,170.607384,346.03008,0.0011177804099861532(0.0)
325,2; 1; 2,"(9234, 9234)",0,85271373,170.570448,260.046848,0.0005622866097837687(0.0)
326,2; 1; 4,"(9234, 9234)",0,85269064,170.551976,218.103808,0.00031714739045128225(0.0)
327,2; 1; 8,"(9234, 9234)",0,85267910,170.542744,197.132288,0.00019092258997261525(0.0)
328,2; 0; 1,"(9339, 9339)",0,87226260,174.508554,354.418688,0.0009585338202305138(0.0)
329,2; 0; 2,"(9339, 9339)",0,87221590,174.471194,266.338304,0.0004802674893289804(0.0)
330,2; 0; 4,"(9339, 9339)",0,87219255,174.452514,222.298112,0.00024408002966083586(0.0)
331,2; 0; 8,"(9339, 9339)",0,87218088,174.443178,201.326592,0.00012526629026979208(0.0)
332,2; 1; 1,"(9339, 9339)",0,87226260,174.508554,354.418688,0.0011930138699244707(0.0)
333,2; 1; 2,"(9339, 9339)",0,87221590,174.471194,266.338304,0.0005929547897540033(0.0)
334,2; 1; 4,"(9339, 9339)",0,87219255,174.452514,222.298112,0.0003253653703723103(0.0)
335,2; 1; 8,"(9339, 9339)",0,87218088,174.443178,201.326592,0.00022858925047330558(0.0)
336,2; 0; 1,"(9442, 9442)",0,89160806,178.378264,362.807296,0.0009752995008602738(0.0)
337,2; 0; 2,"(9442, 9442)",0,89156085,178.340496,272.62976,0.0004903358709998428(0.0)
338,2; 0; 4,"(9442, 9442)",0,89153724,178.321608,228.589568,0.0002482272498309612(0.0)
339,2; 0; 8,"(9442, 9442)",0,89152544,178.312168,205.520896,0.0001272626605350524(0.0)
340,2; 1; 1,"(9442, 9442)",0,89160806,178.378264,362.807296,0.0012004336703103037(0.0)
341,2; 1; 2,"(9442, 9442)",0,89156085,178.340496,272.62976,0.0006070970499422401(0.0)
342,2; 1; 4,"(9442, 9442)",0,89153724,178.321608,228.589568,0.0003604146104771644(0.0)
343,2; 1; 8,"(9442, 9442)",0,89152544,178.312168,205.520896,0.00022409940022043883(0.0)
344,2; 0; 1,"(9545, 9545)",0,91116570,182.29041,367.0016,0.0009943064290564507(0.0)
345,2; 0; 2,"(9545, 9545)",0,91111797,182.252226,276.824064,0.0004983963607810437(0.0)
346,2; 0; 4,"(9545, 9545)",0,91109411,182.233138,230.68672,0.00025321944965980944(0.0)
347,2; 0; 8,"(9545, 9545)",0,91108218,182.223594,207.618048,0.00013043664046563208(0.0)
348,2; 1; 1,"(9545, 9545)",0,91116570,182.29041,367.0016,0.0012308474804740399(0.0)
349,2; 1; 2,"(9545, 9545)",0,91111797,182.252226,276.824064,0.0006294173002243042(0.0)
350,2; 1; 4,"(9545, 9545)",0,91109411,182.233138,230.68672,0.00033980258041992783(0.0)
351,2; 1; 8,"(9545, 9545)",0,91108218,182.223594,207.618048,0.00021062521962448956(0.0)
352,2; 0; 1,"(9646, 9646)",0,93054962,186.1678,375.390208,0.0010132974304724485(0.0)
353,2; 0; 2,"(9646, 9646)",0,93050139,186.129216,283.11552,0.0005093673407100141(0.0)
354,2; 0; 4,"(9646, 9646)",0,93047727,186.10992,236.978176,0.00025818561087362466(0.0)
355,2; 0; 8,"(9646, 9646)",0,93046521,186.100272,213.909504,0.00013254200923256575(0.0)
356,2; 1; 1,"(9646, 9646)",0,93054962,186.1678,375.390208,0.0012528511497657746(0.0)
357,2; 1; 2,"(9646, 9646)",0,93050139,186.129216,283.11552,0.0006252502603456378(0.0)
358,2; 1; 4,"(9646, 9646)",0,93047727,186.10992,236.978176,0.00035169048001989725(0.0)
359,2; 1; 8,"(9646, 9646)",0,93046521,186.100272,213.909504,0.0002143975207582116(0.0)
360,2; 0; 1,"(9746, 9746)",0,94994262,190.047,383.778816,0.0010335163201671094(0.0)
361,2; 0; 2,"(9746, 9746)",0,94989389,190.008016,289.406976,0.0005185780907049775(0.0)
362,2; 0; 4,"(9746, 9746)",0,94986952,189.98852,241.17248,0.0002620290499180555(0.0)
363,2; 0; 8,"(9746, 9746)",0,94985734,189.978776,218.103808,0.00013477591099217534(0.0)
364,2; 1; 1,"(9746, 9746)",0,94994262,190.047,383.778816,0.001288099370431155(0.0)
365,2; 1; 2,"(9746, 9746)",0,94989389,190.008016,289.406976,0.0006480668496806174(0.0)
366,2; 1; 4,"(9746, 9746)",0,94986952,189.98852,241.17248,0.000406808020779863(0.0)
367,2; 1; 8,"(9746, 9746)",0,94985734,189.978776,218.103808,0.00022067784913815558(0.0)
368,2; 0; 1,"(9846, 9846)",0,96953562,193.9662,392.167424,0.0010536063893232495(0.0)
369,2; 0; 2,"(9846, 9846)",0,96948639,193.926816,295.698432,0.0005311580991838127(0.0)
370,2; 0; 4,"(9846, 9846)",0,96946177,193.90712,247.463936,0.00026724249008111653(0.0)
371,2; 0; 8,"(9846, 9846)",0,96944946,193.897272,222.298112,0.00013672588975168764(0.0)
372,2; 1; 1,"(9846, 9846)",0,96953562,193.9662,392.167424,0.0013263610599096864(0.0)
373,2; 1; 2,"(9846, 9846)",0,96948639,193.926816,295.698432,0.000676608020439744(0.0)
374,2; 1; 4,"(9846, 9846)",0,96946177,193.90712,247.463936,0.0003579252306371927(0.0)
375,2; 1; 8,"(9846, 9846)",0,96944946,193.897272,222.298112,0.00021785745047964156(0.0)
376,2; 0; 1,"(9944, 9944)",0,98893080,197.845824,400.556032,0.001072496100096032(0.0)
377,2; 0; 2,"(9944, 9944)",0,98888108,197.806048,301.989888,0.0005397378699854016(0.0)
378,2; 0; 4,"(9944, 9944)",0,98885622,197.78616,251.65824,0.0002711553603876382(0.0)
379,2; 0; 8,"(9944, 9944)",0,98884379,197.776216,226.492416,0.0001391371409408748(0.0)
380,2; 1; 1,"(9944, 9944)",0,98893080,197.845824,400.556032,0.0013552544196136296(0.0)
381,2; 1; 2,"(9944, 9944)",0,98888108,197.806048,301.989888,0.0006811856699641794(0.0)
382,2; 1; 4,"(9944, 9944)",0,98885622,197.78616,251.65824,0.0004243869590573013(0.0)
383,2; 1; 8,"(9944, 9944)",0,98884379,197.776216,226.492416,0.0002970210905186832(0.0)
384,2; 0; 1,"(10041, 10041)",0,100831722,201.72369,408.94464,0.0010931393993087112(0.0)
385,2; 0; 2,"(10041, 10041)",0,100826701,201.683522,308.281344,0.0005481460201554(0.0)
386,2; 0; 4,"(10041, 10041)",0,100824191,201.663442,257.949696,0.00027756294002756476(0.0)
387,2; 0; 8,"(10041, 10041)",0,100822936,201.653402,232.783872,0.00014229218009859324(0.0)
388,2; 1; 1,"(10041, 10041)",0,100831722,201.72369,408.94464,0.0013746174203697593(0.0)
389,2; 1; 2,"(10041, 10041)",0,100826701,201.683522,308.281344,0.0006910213001538068(0.0)
390,2; 1; 4,"(10041, 10041)",0,100824191,201.663442,257.949696,0.00035313791944645344(0.0)
391,2; 1; 8,"(10041, 10041)",0,100822936,201.653402,232.783872,0.00021733446978032588(0.0)
392,2; 0; 1,"(10137, 10137)",0,102768906,205.598634,413.138944,0.0011131685494910925(0.0)
393,2; 0; 2,"(10137, 10137)",0,102763837,205.558082,310.378496,0.0005584746797103434(0.0)
394,2; 0; 4,"(10137, 10137)",0,102761303,205.53781,260.046848,0.0002815559599548578(0.0)
395,2; 0; 8,"(10137, 10137)",0,102760036,205.527674,234.881024,0.0001452995603904128(0.0)
396,2; 1; 1,"(10137, 10137)",0,102768906,205.598634,413.138944,0.001429364369250834(0.0)
397,2; 1; 2,"(10137, 10137)",0,102763837,205.558082,310.378496,0.0007069699501153082(0.0)
398,2; 1; 4,"(10137, 10137)",0,102761303,205.53781,260.046848,0.00037763177999295295(0.0)
399,2; 1; 8,"(10137, 10137)",0,102760036,205.527674,234.881024,0.00022846082923933865(0.0)
400,2; 0; 1,"(10233, 10233)",0,104724522,209.510442,421.527552,0.0011311123799532651(0.0)
401,2; 0; 2,"(10233, 10233)",0,104719405,209.469506,316.669952,0.0005681427102535963(0.0)
402,2; 0; 4,"(10233, 10233)",0,104716847,209.449042,264.241152,0.0002866011706646532(0.0)
403,2; 0; 8,"(10233, 10233)",0,104715568,209.43881,239.075328,0.00014647657983005047(0.0)
404,2; 1; 1,"(10233, 10233)",0,104724522,209.510442,421.527552,0.0014521960204001516(0.0)
405,2; 1; 2,"(10233, 10233)",0,104719405,209.469506,316.669952,0.0007135272189043462(0.0)
406,2; 1; 4,"(10233, 10233)",0,104716847,209.449042,264.241152,0.00039140493026934564(0.0)
407,2; 1; 8,"(10233, 10233)",0,104715568,209.43881,239.075328,0.00027199796051718294(0.0)
408,2; 0; 1,"(10327, 10327)",0,106657256,213.376474,429.91616,0.001153578000376001(0.0)
409,2; 0; 2,"(10327, 10327)",0,106652092,213.335162,322.961408,0.0005787320691160858(0.0)
410,2; 0; 4,"(10327, 10327)",0,106649510,213.314506,270.532608,0.00029162975028157234(0.0)
411,2; 0; 8,"(10327, 10327)",0,106648219,213.304178,243.269632,0.0001491012203041464(0.0)
412,2; 1; 1,"(10327, 10327)",0,106657256,213.376474,429.91616,0.0014502931502647699(0.0)
413,2; 1; 2,"(10327, 10327)",0,106652092,213.335162,322.961408,0.0007330534304492175(0.0)
414,2; 1; 4,"(10327, 10327)",0,106649510,213.314506,270.532608,0.0003936874400824308(0.0)
415,2; 1; 8,"(10327, 10327)",0,106648219,213.304178,243.269632,0.00027323369053192434(0.0)
416,2; 0; 1,"(10421, 10421)",0,108607662,217.27785,438.304768,0.0011707852396648378(0.0)
417,2; 0; 2,"(10421, 10421)",0,108602451,217.236162,329.252864,0.0005889229697640985(0.0)
418,2; 0; 4,"(10421, 10421)",0,108599846,217.215322,274.726912,0.0002962596795987338(0.0)
419,2; 0; 8,"(10421, 10421)",0,108598543,217.204898,247.463936,0.00015153269981965422(0.0)
420,2; 1; 1,"(10421, 10421)",0,108607662,217.27785,438.304768,0.0014907984796445816(0.0)
421,2; 1; 2,"(10421, 10421)",0,108602451,217.236162,329.252864,0.0007740112999454141(0.0)
422,2; 1; 4,"(10421, 10421)",0,108599846,217.215322,274.726912,0.0004125505895353854(0.0)
423,2; 1; 8,"(10421, 10421)",0,108598543,217.204898,247.463936,0.0002775360003579408(0.0)
424,2; 0; 1,"(10514, 10514)",0,110554710,221.172504,446.693376,0.0011930627399124206(0.0)
425,2; 0; 2,"(10514, 10514)",0,110549453,221.130448,335.54432,0.0005983740906231105(0.0)
426,2; 0; 4,"(10514, 10514)",0,110546824,221.109416,281.018368,0.0003013614902738482(0.0)
427,2; 0; 8,"(10514, 10514)",0,110545510,221.098904,253.755392,0.00015457572997547685(0.0)
428,2; 1; 1,"(10514, 10514)",0,110554710,221.172504,446.693376,0.0015751188597641886(0.0)
429,2; 1; 2,"(10514, 10514)",0,110549453,221.130448,335.54432,0.0007906814105808734(0.0)
430,2; 1; 4,"(10514, 10514)",0,110546824,221.109416,281.018368,0.00041299803066067396(0.0)
431,2; 1; 8,"(10514, 10514)",0,110545510,221.098904,253.755392,0.0002568514307495207(0.0)
432,2; 0; 1,"(10606, 10606)",0,112497842,225.05932,455.081984,0.0012149246502667665(0.0)
433,2; 0; 2,"(10606, 10606)",0,112492539,225.016896,341.835776,0.0006096292100846767(0.0)
434,2; 0; 4,"(10606, 10606)",0,112489887,224.99568,285.212672,0.0003062515100464225(0.0)
435,2; 0; 8,"(10606, 10606)",0,112488561,224.985072,257.949696,0.0001570595207158476(0.0)
436,2; 1; 1,"(10606, 10606)",0,112497842,225.05932,455.081984,0.0015478833799716085(0.0)
437,2; 1; 2,"(10606, 10606)",0,112492539,225.016896,341.835776,0.0007802622893359512(0.0)
438,2; 1; 4,"(10606, 10606)",0,112489887,224.99568,285.212672,0.00044553232961334286(0.0)
439,2; 1; 8,"(10606, 10606)",0,112488561,224.985072,257.949696,0.00029322987073101105(0.0)
440,2; 0; 1,"(10697, 10697)",0,114436506,228.937194,463.470592,0.0012345187703613192(0.0)
441,2; 0; 2,"(10697, 10697)",0,114431157,228.894402,348.127232,0.0006193087494466454(0.0)
442,2; 0; 4,"(10697, 10697)",0,114428483,228.87301,291.504128,0.00031178042059764265(0.0)
443,2; 0; 8,"(10697, 10697)",0,114427146,228.862314,262.144,0.0001592141797300428(0.0)
444,2; 1; 1,"(10697, 10697)",0,114436506,228.937194,463.470592,0.0016074245900381356(0.0)
445,2; 1; 2,"(10697, 10697)",0,114431157,228.894402,348.127232,0.0007933918503113091(0.0)
446,2; 1; 4,"(10697, 10697)",0,114428483,228.87301,291.504128,0.00041072074905969204(0.0)
447,2; 1; 8,"(10697, 10697)",0,114427146,228.862314,262.144,0.0002574328298214823(0.0)
448,2; 0; 1,"(10788, 10788)",0,116391732,232.848192,467.664896,0.0012540122191421687(0.0)
449,2; 0; 2,"(10788, 10788)",0,116386338,232.80504,352.321536,0.0006289916997775435(0.0)
450,2; 0; 4,"(10788, 10788)",0,116383641,232.783464,293.60128,0.0003163978399243206(0.0)
451,2; 0; 8,"(10788, 10788)",0,116382292,232.772672,264.241152,0.00016195605043321847(0.0)
452,2; 1; 1,"(10788, 10788)",0,116391732,232.848192,467.664896,0.0015790228801779449(0.0)
453,2; 1; 2,"(10788, 10788)",0,116386338,232.80504,352.321536,0.0009847419906873255(0.0)
454,2; 1; 4,"(10788, 10788)",0,116383641,232.783464,293.60128,0.0006257880700286478(0.0)
455,2; 1; 8,"(10788, 10788)",0,116382292,232.772672,264.241152,0.0002958814799785614(0.0)
456,2; 0; 1,"(10878, 10878)",0,118341762,236.748792,476.053504,0.0012757305603008718(0.0)
457,2; 0; 2,"(10878, 10878)",0,118336323,236.70528,358.612992,0.0006381242198403924(0.0)
458,2; 0; 4,"(10878, 10878)",0,118333603,236.68352,299.892736,0.0003236581105738878(0.0)
459,2; 0; 8,"(10878, 10878)",0,118332243,236.67264,270.532608,0.0001639668399002403(0.0)
460,2; 1; 1,"(10878, 10878)",0,118341762,236.748792,476.053504,0.0018081851804163307(0.0)
461,2; 1; 2,"(10878, 10878)",0,118336323,236.70528,358.612992,0.0015052293601911515(0.0)
462,2; 1; 4,"(10878, 10878)",0,118333603,236.68352,299.892736,0.000587374500464648(0.0)
463,2; 1; 8,"(10878, 10878)",0,118332243,236.67264,270.532608,0.0002665092388633639(0.0)
464,2; 0; 1,"(10967, 10967)",0,120286056,240.637914,484.442112,0.0012930525094270707(0.0)
465,2; 0; 2,"(10967, 10967)",0,120280572,240.594042,364.904448,0.0006485307402908802(0.0)
466,2; 0; 4,"(10967, 10967)",0,120277830,240.572106,304.08704,0.0003267866198439151(0.0)
467,2; 0; 8,"(10967, 10967)",0,120276459,240.561138,274.726912,0.00016698972904123367(0.0)
468,2; 1; 1,"(10967, 10967)",0,120286056,240.637914,484.442112,0.0016388071794062853(0.0)
469,2; 1; 2,"(10967, 10967)",0,120280572,240.594042,364.904448,0.0008241626597009599(0.0)
470,2; 1; 4,"(10967, 10967)",0,120277830,240.572106,304.08704,0.000453484239988029(0.0)
471,2; 1; 8,"(10967, 10967)",0,120276459,240.561138,274.726912,0.0003026999405119568(0.0)
472,2; 0; 1,"(11055, 11055)",0,122224080,244.51449,492.83072,0.0013220841297879814(0.0)
473,2; 0; 2,"(11055, 11055)",0,122218552,244.470266,371.195904,0.0006615405599586665(0.0)
474,2; 0; 4,"(11055, 11055)",0,122215788,244.448154,310.378496,0.0003353561705444008(0.0)
475,2; 0; 8,"(11055, 11055)",0,122214406,244.437098,278.921216,0.0001717509189620614(0.0)
476,2; 1; 1,"(11055, 11055)",0,122224080,244.51449,492.83072,0.0016644870897289366(0.0)
477,2; 1; 2,"(11055, 11055)",0,122218552,244.470266,371.195904,0.0008495415898505599(0.0)
478,2; 1; 4,"(11055, 11055)",0,122215788,244.448154,310.378496,0.0004556982102803886(0.0)
479,2; 1; 8,"(11055, 11055)",0,122214406,244.437098,278.921216,0.00026610918925143776(0.0)
480,2; 0; 1,"(11143, 11143)",0,124177592,248.422042,501.219328,0.0013361047604121268(0.0)
481,2; 0; 2,"(11143, 11143)",0,124172020,248.377466,377.48736,0.0006687711901031435(0.0)
482,2; 0; 4,"(11143, 11143)",0,124169234,248.355178,314.5728,0.00033697211998514833(0.0)
483,2; 0; 8,"(11143, 11143)",0,124167841,248.344034,283.11552,0.00017205758951604366(0.0)
484,2; 1; 1,"(11143, 11143)",0,124177592,248.422042,501.219328,0.001707392770331353(0.0)
485,2; 1; 2,"(11143, 11143)",0,124172020,248.377466,377.48736,0.0008546094503253699(0.0)
486,2; 1; 4,"(11143, 11143)",0,124169234,248.355178,314.5728,0.0005361672490835189(0.0)
487,2; 1; 8,"(11143, 11143)",0,124167841,248.344034,283.11552,0.0003040527005214244(0.0)
488,2; 0; 1,"(11229, 11229)",0,126101670,252.270714,509.607936,0.0013552852196153254(0.0)
489,2; 0; 2,"(11229, 11229)",0,126096055,252.225794,383.778816,0.0006778707401826978(0.0)
490,2; 0; 4,"(11229, 11229)",0,126093248,252.203338,320.864256,0.00034169281949289145(0.0)
491,2; 0; 8,"(11229, 11229)",0,126091844,252.192106,289.406976,0.00017412999994121493(0.0)
492,2; 1; 1,"(11229, 11229)",0,126101670,252.270714,509.607936,0.0018320063804276288(0.0)
493,2; 1; 2,"(11229, 11229)",0,126096055,252.225794,383.778816,0.0009380098094698042(0.0)
494,2; 1; 4,"(11229, 11229)",0,126093248,252.203338,320.864256,0.0008243640791624784(0.0)
495,2; 1; 8,"(11229, 11229)",0,126091844,252.192106,289.406976,0.0003695193596649915(0.0)
496,2; 0; 1,"(11316, 11316)",0,128063172,256.19424,517.996544,0.0013725728204008192(0.0)
497,2; 0; 2,"(11316, 11316)",0,128057514,256.148976,390.070272,0.0006873018201440572(0.0)
498,2; 0; 4,"(11316, 11316)",0,128054685,256.126344,325.05856,0.00034683089936152103(0.0)
499,2; 0; 8,"(11316, 11316)",0,128053270,256.115024,293.60128,0.0001764688000548631(0.0)
500,2; 1; 1,"(11316, 11316)",0,128063172,256.19424,517.996544,0.0018376247806008905(0.0)
501,2; 1; 2,"(11316, 11316)",0,128057514,256.148976,390.070272,0.0009775657602585852(0.0)
502,2; 1; 4,"(11316, 11316)",0,128054685,256.126344,325.05856,0.00048804398975335064(0.0)
503,2; 1; 8,"(11316, 11316)",0,128053270,256.115024,293.60128,0.0003943276102654636(0.0)
504,2; 0; 1,"(11401, 11401)",0,129994202,260.05681,522.190848,0.0014094990200828762(0.0)
505,2; 0; 2,"(11401, 11401)",0,129988501,260.011202,392.167424,0.0006971239403355866(0.0)
506,2; 0; 4,"(11401, 11401)",0,129985651,259.988402,327.155712,0.00035190397058613597(0.0)
507,2; 0; 8,"(11401, 11401)",0,129984226,259.977002,295.698432,0.00017929893918335437(0.0)
508,2; 1; 1,"(11401, 11401)",0,129994202,260.05681,522.190848,0.0018703021795954556(0.0)
509,2; 1; 2,"(11401, 11401)",0,129988501,260.011202,392.167424,0.0009777194401249288(0.0)
510,2; 1; 4,"(11401, 11401)",0,129985651,259.988402,327.155712,0.0006737429997883737(0.0)
511,2; 1; 8,"(11401, 11401)",0,129984226,259.977002,295.698432,0.0003669775708112866(0.0)
512,2; 0; 1,"(11486, 11486)",0,131939682,263.94828,530.579456,0.001414446469862014(0.0)
513,2; 0; 2,"(11486, 11486)",0,131933939,263.902336,398.45888,0.0007079252996481955(0.0)
514,2; 0; 4,"(11486, 11486)",0,131931067,263.87936,333.447168,0.0003566463093739003(0.0)
515,2; 0; 8,"(11486, 11486)",0,131929631,263.867872,299.892736,0.00018136493046768008(0.0)
516,2; 1; 1,"(11486, 11486)",0,131939682,263.94828,530.579456,0.0019264401902910322(0.0)
517,2; 1; 2,"(11486, 11486)",0,131933939,263.902336,398.45888,0.0009239907294977456(0.0)
518,2; 1; 4,"(11486, 11486)",0,131931067,263.87936,333.447168,0.0004885742906481028(0.0)
519,2; 1; 8,"(11486, 11486)",0,131929631,263.867872,299.892736,0.0003260897402651608(0.0)
520,2; 0; 1,"(11571, 11571)",0,133899612,267.86865,538.968064,0.0014341911894734949(0.0)
521,2; 0; 2,"(11571, 11571)",0,133893826,267.822362,404.750336,0.0007177424104884267(0.0)
522,2; 0; 4,"(11571, 11571)",0,133890933,267.799218,337.641472,0.0003611457906663418(0.0)
523,2; 0; 8,"(11571, 11571)",0,133889487,267.78765,304.08704,0.00018394469982013106(0.0)
524,2; 1; 1,"(11571, 11571)",0,133899612,267.86865,538.968064,0.001917852449696511(0.0)
525,2; 1; 2,"(11571, 11571)",0,133893826,267.822362,404.750336,0.0009486846695654094(0.0)
526,2; 1; 4,"(11571, 11571)",0,133890933,267.799218,337.641472,0.0005630618601571768(0.0)
527,2; 1; 8,"(11571, 11571)",0,133889487,267.78765,304.08704,0.0004935117100831121(0.0)
528,2; 0; 1,"(11654, 11654)",0,135827370,271.724664,547.356672,0.0014528726099524646(0.0)
529,2; 0; 2,"(11654, 11654)",0,135821543,271.678048,411.041792,0.0007276449806522578(0.0)
530,2; 0; 4,"(11654, 11654)",0,135818629,271.654736,343.932928,0.00036731953034177425(0.0)
531,2; 0; 8,"(11654, 11654)",0,135817172,271.64308,310.378496,0.00018620174960233272(0.0)
532,2; 1; 1,"(11654, 11654)",0,135827370,271.724664,547.356672,0.0019149465998634695(0.0)
533,2; 1; 2,"(11654, 11654)",0,135821543,271.678048,411.041792,0.0009035038598813116(0.0)
534,2; 1; 4,"(11654, 11654)",0,135818629,271.654736,343.932928,0.0004991697811055928(0.0)
535,2; 1; 8,"(11654, 11654)",0,135817172,271.64308,310.378496,0.00034934946917928754(0.0)
536,2; 0; 1,"(11737, 11737)",0,137768906,275.608234,555.74528,0.0014727378496900202(0.0)
537,2; 0; 2,"(11737, 11737)",0,137763037,275.561282,417.333248,0.000737496359506622(0.0)
538,2; 0; 4,"(11737, 11737)",0,137760103,275.53781,348.127232,0.00037095329025760293(0.0)
539,2; 0; 8,"(11737, 11737)",0,137758636,275.526074,314.5728,0.0001885470806155354(0.0)
540,2; 1; 1,"(11737, 11737)",0,137768906,275.608234,555.74528,0.001990759279578924(0.0)
541,2; 1; 2,"(11737, 11737)",0,137763037,275.561282,417.333248,0.001035976690473035(0.0)
542,2; 1; 4,"(11737, 11737)",0,137760103,275.53781,348.127232,0.0005124009202700108(0.0)
543,2; 1; 8,"(11737, 11737)",0,137758636,275.526074,314.5728,0.00041097139939665794(0.0)
544,2; 0; 1,"(11820, 11820)",0,139724220,279.51936,564.133888,0.0014919510798063129(0.0)
545,2; 0; 2,"(11820, 11820)",0,139718310,279.47208,423.624704,0.0007477775309234858(0.0)
546,2; 0; 4,"(11820, 11820)",0,139715355,279.44844,354.418688,0.0003769830497913063(0.0)
547,2; 0; 8,"(11820, 11820)",0,139713877,279.436616,318.767104,0.00019322950975038112(0.0)
548,2; 1; 1,"(11820, 11820)",0,139724220,279.51936,564.133888,0.0020607712503988296(0.0)
549,2; 1; 2,"(11820, 11820)",0,139718310,279.47208,423.624704,0.0010990846191998571(0.0)
550,2; 1; 4,"(11820, 11820)",0,139715355,279.44844,354.418688,0.0007347961899358779(0.0)
551,2; 1; 8,"(11820, 11820)",0,139713877,279.436616,318.767104,0.000330513590015471(0.0)
552,2; 0; 1,"(11902, 11902)",0,141669506,283.410424,572.522496,0.00151788788032718(0.0)
553,2; 0; 2,"(11902, 11902)",0,141663555,283.362816,429.91616,0.000761017199838534(0.0)
554,2; 0; 4,"(11902, 11902)",0,141660579,283.339008,358.612992,0.0003813916596118361(0.0)
555,2; 0; 8,"(11902, 11902)",0,141659091,283.327104,322.961408,0.00019445361918769778(0.0)
556,2; 1; 1,"(11902, 11902)",0,141669506,283.410424,572.522496,0.0021687891194596886(0.0)
557,2; 1; 2,"(11902, 11902)",0,141663555,283.362816,429.91616,0.0011046050407458098(0.0)
558,2; 1; 4,"(11902, 11902)",0,141660579,283.339008,358.612992,0.0006463731802068651(0.0)
559,2; 1; 8,"(11902, 11902)",0,141659091,283.327104,322.961408,0.00033175684046000243(0.0)
560,2; 0; 1,"(11983, 11983)",0,143604272,287.280442,576.7168,0.0015328085201326757(0.0)
561,2; 0; 2,"(11983, 11983)",0,143598280,287.232506,434.110464,0.0007684992102440447(0.0)
562,2; 0; 4,"(11983, 11983)",0,143595284,287.208538,362.807296,0.00038583212997764346(0.0)
563,2; 0; 8,"(11983, 11983)",0,143593786,287.196554,327.155712,0.00019633966963738202(0.0)
564,2; 1; 1,"(11983, 11983)",0,143604272,287.280442,576.7168,0.0021788816701155157(0.0)
565,2; 1; 2,"(11983, 11983)",0,143598280,287.232506,434.110464,0.0010443999199196696(0.0)
566,2; 1; 4,"(11983, 11983)",0,143595284,287.208538,362.807296,0.0006994745600968599(0.0)
567,2; 1; 8,"(11983, 11983)",0,143593786,287.196554,327.155712,0.00034516831976361573(0.0)
568,2; 0; 1,"(12064, 12064)",0,145552160,291.176704,585.105408,0.0015496329497545957(0.0)
569,2; 0; 2,"(12064, 12064)",0,145546128,291.128448,440.40192,0.0007762932102195919(0.0)
570,2; 0; 4,"(12064, 12064)",0,145543112,291.10432,367.0016,0.0003911698004230857(0.0)
571,2; 0; 8,"(12064, 12064)",0,145541604,291.092256,331.350016,0.00019817022024653852(0.0)
572,2; 1; 1,"(12064, 12064)",0,145552160,291.176704,585.105408,0.002758160289376974(0.0)
573,2; 1; 2,"(12064, 12064)",0,145546128,291.128448,440.40192,0.0021184714802075177(0.0)
574,2; 1; 4,"(12064, 12064)",0,145543112,291.10432,367.0016,0.0013555175892543047(0.0)
575,2; 1; 8,"(12064, 12064)",0,145541604,291.092256,331.350016,0.0007254534191451967(0.0)
576,2; 0; 1,"(12144, 12144)",0,147488880,295.050624,593.494016,0.0015707714098971337(0.0)
577,2; 0; 2,"(12144, 12144)",0,147482808,295.002048,446.693376,0.0007857550599146635(0.0)
578,2; 0; 4,"(12144, 12144)",0,147479772,294.97776,373.293056,0.0003963611996732652(0.0)
579,2; 0; 8,"(12144, 12144)",0,147478254,294.965616,335.54432,0.00020078836008906363(0.0)
580,2; 1; 1,"(12144, 12144)",0,147488880,295.050624,593.494016,0.0023661150597035887(0.0)
581,2; 1; 2,"(12144, 12144)",0,147482808,295.002048,446.693376,0.0011599940701853483(0.0)
582,2; 1; 4,"(12144, 12144)",0,147479772,294.97776,373.293056,0.0009230168198700995(0.0)
583,2; 1; 8,"(12144, 12144)",0,147478254,294.965616,335.54432,0.0003935278696008027(0.0)
584,2; 0; 1,"(12224, 12224)",0,149438400,298.950144,601.882624,0.0015907542000059038(0.0)
585,2; 0; 2,"(12224, 12224)",0,149432288,298.901248,452.984832,0.0007986508798785508(0.0)
586,2; 0; 4,"(12224, 12224)",0,149429232,298.8768,377.48736,0.00040215071057900784(0.0)
587,2; 0; 8,"(12224, 12224)",0,149427704,298.864576,339.738624,0.0002038024493958801(0.0)
588,2; 1; 1,"(12224, 12224)",0,149438400,298.950144,601.882624,0.0020558275002986195(0.0)
589,2; 1; 2,"(12224, 12224)",0,149432288,298.901248,452.984832,0.0011050841305404902(0.0)
590,2; 1; 4,"(12224, 12224)",0,149429232,298.8768,377.48736,0.0007323492306750268(0.0)
591,2; 1; 8,"(12224, 12224)",0,149427704,298.864576,339.738624,0.0003887099900748581(0.0)
592,2; 0; 1,"(12304, 12304)",0,151400720,302.875264,610.271232,0.0016097275796346365(0.0)
593,2; 0; 2,"(12304, 12304)",0,151394568,302.826048,459.276288,0.0008062912896275521(0.0)
594,2; 0; 4,"(12304, 12304)",0,151391492,302.80144,383.778816,0.000406291619874537(0.0)
595,2; 0; 8,"(12304, 12304)",0,151389954,302.789136,346.03008,0.0002061290293931961(0.0)
596,2; 1; 1,"(12304, 12304)",0,151400720,302.875264,610.271232,0.0025401602208148686(0.0)
597,2; 1; 2,"(12304, 12304)",0,151394568,302.826048,459.276288,0.001070787910139188(0.0)
598,2; 1; 4,"(12304, 12304)",0,151391492,302.80144,383.778816,0.0005365457700099796(0.0)
599,2; 1; 8,"(12304, 12304)",0,151389954,302.789136,346.03008,0.00032875470933504405(0.0)
600,2; 0; 1,"(12382, 12382)",0,153326306,306.726904,618.65984,0.0016299096401780843(0.0)
601,2; 0; 2,"(12382, 12382)",0,153320115,306.677376,465.567744,0.00081919051008299(0.0)
602,2; 0; 4,"(12382, 12382)",0,153317019,306.652608,387.97312,0.00041136809973977504(0.0)
603,2; 0; 8,"(12382, 12382)",0,153315471,306.640224,350.224384,0.00020892831031233072(0.0)
604,2; 1; 1,"(12382, 12382)",0,153326306,306.726904,618.65984,0.002589537809835747(0.0)
605,2; 1; 2,"(12382, 12382)",0,153320115,306.677376,465.567744,0.001116744129685685(0.0)
606,2; 1; 4,"(12382, 12382)",0,153317019,306.652608,387.97312,0.0005870848207268864(0.0)
607,2; 1; 8,"(12382, 12382)",0,153315471,306.640224,350.224384,0.0007260578009299933(0.0)
608,2; 0; 1,"(12461, 12461)",0,155288982,310.65273,627.048448,0.0016515984490979463(0.0)
609,2; 0; 2,"(12461, 12461)",0,155282751,310.602882,471.8592,0.0008277520607225596(0.0)
610,2; 0; 4,"(12461, 12461)",0,155279636,310.577962,394.264576,0.0004170491104014218(0.0)
611,2; 0; 8,"(12461, 12461)",0,155278078,310.565498,354.418688,0.000252172410255298(0.0)
612,2; 1; 1,"(12461, 12461)",0,155288982,310.65273,627.048448,0.002434328669914976(0.0)
613,2; 1; 2,"(12461, 12461)",0,155282751,310.602882,471.8592,0.0014831554295960815(0.0)
614,2; 1; 4,"(12461, 12461)",0,155279636,310.577962,394.264576,0.0014339025097433477(0.0)
615,2; 1; 8,"(12461, 12461)",0,155278078,310.565498,354.418688,0.0005312556400895119(0.0)
616,2; 0; 1,"(12538, 12538)",0,157213982,314.503192,631.242752,0.0016876210598275065(0.0)
617,2; 0; 2,"(12538, 12538)",0,157207713,314.45304,473.956352,0.0008381912496406585(0.0)
618,2; 0; 4,"(12538, 12538)",0,157204578,314.42796,396.361728,0.00042146463063545524(0.0)
619,2; 0; 8,"(12538, 12538)",0,157203011,314.415424,356.51584,0.00021388225024566055(0.0)
620,2; 1; 1,"(12538, 12538)",0,157213982,314.503192,631.242752,0.0025775652297306806(0.0)
621,2; 1; 2,"(12538, 12538)",0,157207713,314.45304,473.956352,0.0011394393304362893(0.0)
622,2; 1; 4,"(12538, 12538)",0,157204578,314.42796,396.361728,0.001014489580411464(0.0)
623,2; 1; 8,"(12538, 12538)",0,157203011,314.415424,356.51584,0.00046026195981539785(0.0)
624,2; 0; 1,"(12616, 12616)",0,159176072,318.42784,639.63136,0.0016942080005537719(0.0)
625,2; 0; 2,"(12616, 12616)",0,159169764,318.377376,480.247808,0.0008492668299004435(0.0)
626,2; 0; 4,"(12616, 12616)",0,159166610,318.352144,400.556032,0.000427392809651792(0.0)
627,2; 0; 8,"(12616, 12616)",0,159165033,318.339528,360.710144,0.00021683361963368953(0.0)
628,2; 1; 1,"(12616, 12616)",0,159176072,318.42784,639.63136,0.0025886569800786675(0.0)
629,2; 1; 2,"(12616, 12616)",0,159169764,318.377376,480.247808,0.001151819380465895(0.0)
630,2; 1; 4,"(12616, 12616)",0,159166610,318.352144,400.556032,0.0007229956798255443(0.0)
631,2; 1; 8,"(12616, 12616)",0,159165033,318.339528,360.710144,0.0004365805396810174(0.0)
632,2; 0; 1,"(12692, 12692)",0,161099556,322.275264,648.019968,0.0017112827999517322(0.0)
633,2; 0; 2,"(12692, 12692)",0,161093210,322.224496,486.539264,0.0008581205201335251(0.0)
634,2; 0; 4,"(12692, 12692)",0,161090037,322.199112,406.847488,0.0004334248905070126(0.0)
635,2; 0; 8,"(12692, 12692)",0,161088450,322.186416,367.0016,0.00021868732059374452(0.0)
636,2; 1; 1,"(12692, 12692)",0,161099556,322.275264,648.019968,0.002457831280771643(0.0)
637,2; 1; 2,"(12692, 12692)",0,161093210,322.224496,486.539264,0.0013391535507980734(0.0)
638,2; 1; 4,"(12692, 12692)",0,161090037,322.199112,406.847488,0.0009334253601264209(0.0)
639,2; 1; 8,"(12692, 12692)",0,161088450,322.186416,367.0016,0.0004964210104662925(0.0)
640,2; 0; 1,"(12769, 12769)",0,163060130,326.196874,656.408576,0.0017369628301821649(0.0)
641,2; 0; 2,"(12769, 12769)",0,163053745,326.145794,492.83072,0.0008684625301975757(0.0)
642,2; 0; 4,"(12769, 12769)",0,163050553,326.120258,411.041792,0.0004370186699088663(0.0)
643,2; 0; 8,"(12769, 12769)",0,163048957,326.10749,371.195904,0.00022165391012094916(0.0)
644,2; 1; 1,"(12769, 12769)",0,163060130,326.196874,656.408576,0.0027082334994338454(0.0)
645,2; 1; 2,"(12769, 12769)",0,163053745,326.145794,492.83072,0.0013410867191851138(0.0)
646,2; 1; 4,"(12769, 12769)",0,163050553,326.120258,411.041792,0.0007093288504984229(0.0)
647,2; 1; 8,"(12769, 12769)",0,163048957,326.10749,371.195904,0.0005263946997001767(0.0)
648,2; 0; 1,"(12845, 12845)",0,165006870,330.09081,664.797184,0.0017569099494721741(0.0)
649,2; 0; 2,"(12845, 12845)",0,165000447,330.039426,499.122176,0.0008794859109912068(0.0)
650,2; 0; 4,"(12845, 12845)",0,164997236,330.013738,417.333248,0.0004424803704023361(0.0)
651,2; 0; 8,"(12845, 12845)",0,164995630,330.00089,375.390208,0.0002238498500082642(0.0)
652,2; 1; 1,"(12845, 12845)",0,165006870,330.09081,664.797184,0.002658377100015059(0.0)
653,2; 1; 2,"(12845, 12845)",0,165000447,330.039426,499.122176,0.0013676240493077786(0.0)
654,2; 1; 4,"(12845, 12845)",0,164997236,330.013738,417.333248,0.0008009405108168721(0.0)
655,2; 1; 8,"(12845, 12845)",0,164995630,330.00089,375.390208,0.00040882053901441395(0.0)
656,2; 0; 1,"(12920, 12920)",0,166939320,333.95616,673.185792,0.0017743252008222043(0.0)
657,2; 0; 2,"(12920, 12920)",0,166932860,333.90448,505.413632,0.0008884706697426737(0.0)
658,2; 0; 4,"(12920, 12920)",0,166929630,333.87864,421.527552,0.00044753941008821127(0.0)
659,2; 0; 8,"(12920, 12920)",0,166928015,333.86572,379.584512,0.00022644493961706757(0.0)
660,2; 1; 1,"(12920, 12920)",0,166939320,333.95616,673.185792,0.002951696339296177(0.0)
661,2; 1; 2,"(12920, 12920)",0,166932860,333.90448,505.413632,0.0012238123500719665(0.0)
662,2; 1; 4,"(12920, 12920)",0,166929630,333.87864,421.527552,0.000692619279725477(0.0)
663,2; 1; 8,"(12920, 12920)",0,166928015,333.86572,379.584512,0.0005966610403265804(0.0)
664,2; 0; 1,"(12995, 12995)",0,168883020,337.84401,681.5744,0.001797778729815036(0.0)
665,2; 0; 2,"(12995, 12995)",0,168876522,337.792026,511.705088,0.0009004879300482571(0.0)
666,2; 0; 4,"(12995, 12995)",0,168873273,337.766034,427.819008,0.00045347809907980263(0.0)
667,2; 0; 8,"(12995, 12995)",0,168871649,337.753042,385.875968,0.00022942888084799052(0.0)
668,2; 1; 1,"(12995, 12995)",0,168883020,337.84401,681.5744,0.002581359969917685(0.0)
669,2; 1; 2,"(12995, 12995)",0,168876522,337.792026,511.705088,0.0011528861103579401(0.0)
670,2; 1; 4,"(12995, 12995)",0,168873273,337.766034,427.819008,0.0007250971009489149(0.0)
671,2; 1; 8,"(12995, 12995)",0,168871649,337.753042,385.875968,0.0003798562695737928(0.0)
672,2; 0; 1,"(13070, 13070)",0,170837970,341.75436,685.768704,0.0018181943299714475(0.0)
673,2; 0; 2,"(13070, 13070)",0,170831435,341.70208,515.899392,0.0009113443992100656(0.0)
674,2; 0; 4,"(13070, 13070)",0,170828167,341.675936,429.91616,0.0004575572104658931(0.0)
675,2; 0; 8,"(13070, 13070)",0,170826533,341.662864,387.97312,0.0002323701197747141(0.0)
676,2; 1; 1,"(13070, 13070)",0,170837970,341.75436,685.768704,0.003103494719834998(0.0)
677,2; 1; 2,"(13070, 13070)",0,170831435,341.70208,515.899392,0.0014799432002473622(0.0)
678,2; 1; 4,"(13070, 13070)",0,170828167,341.675936,429.91616,0.000766379110282287(0.0)
679,2; 1; 8,"(13070, 13070)",0,170826533,341.662864,387.97312,0.0005546369694638997(0.0)
680,2; 0; 1,"(13144, 13144)",0,172777880,345.634624,694.157312,0.0018392141698859632(0.0)
681,2; 0; 2,"(13144, 13144)",0,172771308,345.582048,522.190848,0.0009223127108998597(0.0)
682,2; 0; 4,"(13144, 13144)",0,172768022,345.55576,436.207616,0.000463511839043349(0.0)
683,2; 0; 8,"(13144, 13144)",0,172766379,345.542616,392.167424,0.0002344100794289261(0.0)
684,2; 1; 1,"(13144, 13144)",0,172777880,345.634624,694.157312,0.0030647580698132514(0.0)
685,2; 1; 2,"(13144, 13144)",0,172771308,345.582048,522.190848,0.0012875774805434048(0.0)
686,2; 1; 4,"(13144, 13144)",0,172768022,345.55576,436.207616,0.0007585415604989975(0.0)
687,2; 1; 8,"(13144, 13144)",0,172766379,345.542616,392.167424,0.0005031959305051714(0.0)
688,2; 0; 1,"(13218, 13218)",0,174728742,349.536792,702.54592,0.0018628461693879217(0.0)
689,2; 0; 2,"(13218, 13218)",0,174722133,349.48392,528.482304,0.0009334623289760202(0.0)
690,2; 0; 4,"(13218, 13218)",0,174718828,349.45748,440.40192,0.00046912411926314235(0.0)
691,2; 0; 8,"(13218, 13218)",0,174717176,349.444264,396.361728,0.00023707087966613473(0.0)
692,2; 1; 1,"(13218, 13218)",0,174728742,349.536792,702.54592,0.002924184889998287(0.0)
693,2; 1; 2,"(13218, 13218)",0,174722133,349.48392,528.482304,0.0014082119602244348(0.0)
694,2; 1; 4,"(13218, 13218)",0,174718828,349.45748,440.40192,0.0009646210598293691(0.0)
695,2; 1; 8,"(13218, 13218)",0,174717176,349.444264,396.361728,0.00046312942984513936(0.0)
696,2; 0; 1,"(13291, 13291)",0,176663972,353.40769,710.934528,0.001883722540223971(0.0)
697,2; 0; 2,"(13291, 13291)",0,176657326,353.354522,534.77376,0.0009448641305789352(0.0)
698,2; 0; 4,"(13291, 13291)",0,176654003,353.327938,446.693376,0.00047453873907215893(0.0)
699,2; 0; 8,"(13291, 13291)",0,176652342,353.31465,402.653184,0.00024012485053390265(0.0)
700,2; 1; 1,"(13291, 13291)",0,176663972,353.40769,710.934528,0.0028020472603384407(0.0)
701,2; 1; 2,"(13291, 13291)",0,176657326,353.354522,534.77376,0.0014726140606217087(0.0)
702,2; 1; 4,"(13291, 13291)",0,176654003,353.327938,446.693376,0.0008082900498993695(0.0)
703,2; 1; 8,"(13291, 13291)",0,176652342,353.31465,402.653184,0.0005272773408796638(0.0)
704,2; 0; 1,"(13364, 13364)",0,178609860,357.299904,719.323136,0.001908343069953844(0.0)
705,2; 0; 2,"(13364, 13364)",0,178603178,357.246448,541.065216,0.0009556940593756735(0.0)
706,2; 0; 4,"(13364, 13364)",0,178599837,357.21972,450.88768,0.0004797446506563574(0.0)
707,2; 0; 8,"(13364, 13364)",0,178598166,357.206352,406.847488,0.0002426839794497937(0.0)
708,2; 1; 1,"(13364, 13364)",0,178609860,357.299904,719.323136,0.0032410902599804103(0.0)
709,2; 1; 2,"(13364, 13364)",0,178603178,357.246448,541.065216,0.001396410269662738(0.0)
710,2; 1; 4,"(13364, 13364)",0,178599837,357.21972,450.88768,0.0009490868193097413(0.0)
711,2; 1; 8,"(13364, 13364)",0,178598166,357.206352,406.847488,0.0005204282409977168(0.0)
712,2; 0; 1,"(13437, 13437)",0,180566406,361.213434,727.711744,0.0019366978399921208(0.0)
713,2; 0; 2,"(13437, 13437)",0,180559687,361.159682,547.356672,0.0009679576801136136(0.0)
714,2; 0; 4,"(13437, 13437)",0,180556328,361.13281,457.179136,0.0004861904098652303(0.0)
715,2; 0; 8,"(13437, 13437)",0,180554648,361.11937,411.041792,0.0002465752197895199(0.0)
716,2; 1; 1,"(13437, 13437)",0,180566406,361.213434,727.711744,0.0029777324898168445(0.0)
717,2; 1; 2,"(13437, 13437)",0,180559687,361.159682,547.356672,0.0013937341596465557(0.0)
718,2; 1; 4,"(13437, 13437)",0,180556328,361.13281,457.179136,0.0007380131306126713(0.0)
719,2; 1; 8,"(13437, 13437)",0,180554648,361.11937,411.041792,0.0006221411505248398(0.0)
720,2; 0; 1,"(13509, 13509)",0,182506590,365.094234,736.100352,0.001956213649827987(0.0)
721,2; 0; 2,"(13509, 13509)",0,182499835,365.040194,553.648128,0.0009782183391507716(0.0)
722,2; 0; 4,"(13509, 13509)",0,182496458,365.013178,461.37344,0.0004912040708586573(0.0)
723,2; 0; 8,"(13509, 13509)",0,182494769,364.999666,415.236096,0.00024842872051522135(0.0)
724,2; 1; 1,"(13509, 13509)",0,182506590,365.094234,736.100352,0.0033354075602255763(0.0)
725,2; 1; 2,"(13509, 13509)",0,182499835,365.040194,553.648128,0.0019081722397822887(0.0)
726,2; 1; 4,"(13509, 13509)",0,182496458,365.013178,461.37344,0.0018084917694795876(0.0)
727,2; 1; 8,"(13509, 13509)",0,182494769,364.999666,415.236096,0.0008187139290384948(0.0)
728,2; 0; 1,"(13581, 13581)",0,184457142,368.99577,740.294656,0.0019815232104156166(0.0)
729,2; 0; 2,"(13581, 13581)",0,184450351,368.941442,555.74528,0.0009933127101976425(0.0)
730,2; 0; 4,"(13581, 13581)",0,184446956,368.914282,463.470592,0.0004979149298742413(0.0)
731,2; 0; 8,"(13581, 13581)",0,184445258,368.900698,417.333248,0.0002521888993214816(0.0)
732,2; 1; 1,"(13581, 13581)",0,184457142,368.99577,740.294656,0.0033705181803088636(0.0)
733,2; 1; 2,"(13581, 13581)",0,184450351,368.941442,555.74528,0.0014003184100147338(0.0)
734,2; 1; 4,"(13581, 13581)",0,184446956,368.914282,463.470592,0.0011203230102546514(0.0)
735,2; 1; 8,"(13581, 13581)",0,184445258,368.900698,417.333248,0.0007165568298660218(0.0)
736,2; 0; 1,"(13652, 13652)",0,186390756,372.863424,748.683264,0.0020033652102574707(0.0)
737,2; 0; 2,"(13652, 13652)",0,186383930,372.808816,562.036736,0.00100430655060336(0.0)
738,2; 0; 4,"(13652, 13652)",0,186380517,372.781512,469.762048,0.0005022969900164753(0.0)
739,2; 0; 8,"(13652, 13652)",0,186378810,372.767856,423.624704,0.0002550679398700595(0.0)
740,2; 1; 1,"(13652, 13652)",0,186390756,372.863424,748.683264,0.002707311890553683(0.0)
741,2; 1; 2,"(13652, 13652)",0,186383930,372.808816,562.036736,0.0016971687402110548(0.0)
742,2; 1; 4,"(13652, 13652)",0,186380517,372.781512,469.762048,0.0012845833192113786(0.0)
743,2; 1; 8,"(13652, 13652)",0,186378810,372.767856,423.624704,0.0007310611696448177(0.0)
744,2; 0; 1,"(13723, 13723)",0,188334452,376.751242,757.071872,0.002066501040244475(0.0)
745,2; 0; 2,"(13723, 13723)",0,188327590,376.696346,568.328192,0.001015138179063797(0.0)
746,2; 0; 4,"(13723, 13723)",0,188324159,376.668898,473.956352,0.0005101787706371396(0.0)
747,2; 0; 8,"(13723, 13723)",0,188322444,376.655178,427.819008,0.0002752200304530561(0.0)
748,2; 1; 1,"(13723, 13723)",0,188334452,376.751242,757.071872,0.003565266780788079(0.0)
749,2; 1; 2,"(13723, 13723)",0,188327590,376.696346,568.328192,0.0014425603800918908(0.0)
750,2; 1; 4,"(13723, 13723)",0,188324159,376.668898,473.956352,0.0009636074700392782(0.0)
751,2; 1; 8,"(13723, 13723)",0,188322444,376.655178,427.819008,0.0008835382608231157(0.0)
752,2; 0; 1,"(13794, 13794)",0,190288230,380.659224,765.46048,0.002055139570729807(0.0)
753,2; 0; 2,"(13794, 13794)",0,190281333,380.604048,574.619648,0.0010251482797320932(0.0)
754,2; 0; 4,"(13794, 13794)",0,190277884,380.576456,480.247808,0.0005148999800439924(0.0)
755,2; 0; 8,"(13794, 13794)",0,190276160,380.562664,432.013312,0.0002617273991927505(0.0)
756,2; 1; 1,"(13794, 13794)",0,190288230,380.659224,765.46048,0.0028798671194817872(0.0)
757,2; 1; 2,"(13794, 13794)",0,190281333,380.604048,574.619648,0.0013046110107097775(0.0)
758,2; 1; 4,"(13794, 13794)",0,190277884,380.576456,480.247808,0.0007623853406403214(0.0)
759,2; 1; 8,"(13794, 13794)",0,190276160,380.562664,432.013312,0.0006650791398715227(0.0)
760,2; 0; 1,"(13864, 13864)",0,192224360,384.531904,773.849088,0.0020718137396033855(0.0)
761,2; 0; 2,"(13864, 13864)",0,192217428,384.476448,580.911104,0.0010361190699040889(0.0)
762,2; 0; 4,"(13864, 13864)",0,192213962,384.44872,484.442112,0.0005203155905473977(0.0)
763,2; 0; 8,"(13864, 13864)",0,192212229,384.434856,436.207616,0.0002644946100190282(0.0)
764,2; 1; 1,"(13864, 13864)",0,192224360,384.531904,773.849088,0.003870155840413645(0.0)
765,2; 1; 2,"(13864, 13864)",0,192217428,384.476448,580.911104,0.0016591503901872784(0.0)
766,2; 1; 4,"(13864, 13864)",0,192213962,384.44872,484.442112,0.0011318325903266668(0.0)
767,2; 1; 8,"(13864, 13864)",0,192212229,384.434856,436.207616,0.0005822282796725631(0.0)
768,2; 0; 1,"(13934, 13934)",0,194170290,388.424184,782.237696,0.002091734220739454(0.0)
769,2; 0; 2,"(13934, 13934)",0,194163323,388.368448,587.20256,0.0010457643691916018(0.0)
770,2; 0; 4,"(13934, 13934)",0,194159839,388.340576,490.733568,0.0005251125292852521(0.0)
771,2; 0; 8,"(13934, 13934)",0,194158097,388.32664,442.499072,0.00026611798093654213(0.0)
772,2; 1; 1,"(13934, 13934)",0,194170290,388.424184,782.237696,0.0034174218494445086(0.0)
773,2; 1; 2,"(13934, 13934)",0,194163323,388.368448,587.20256,0.001730268660467118(0.0)
774,2; 1; 4,"(13934, 13934)",0,194159839,388.340576,490.733568,0.0018328096205368638(0.0)
775,2; 1; 8,"(13934, 13934)",0,194158097,388.32664,442.499072,0.0007174101902637631(0.0)
776,2; 0; 1,"(14003, 14003)",0,196098012,392.280042,790.626304,0.0021089165506418795(0.0)
777,2; 0; 2,"(14003, 14003)",0,196091010,392.224026,593.494016,0.0010554368293378502(0.0)
778,2; 0; 4,"(14003, 14003)",0,196087509,392.196018,494.927872,0.0005295274790842086(0.0)
779,2; 0; 8,"(14003, 14003)",0,196085759,392.182018,446.693376,0.000268686730414629(0.0)
780,2; 1; 1,"(14003, 14003)",0,196098012,392.280042,790.626304,0.0035873770306352527(0.0)
781,2; 1; 2,"(14003, 14003)",0,196091010,392.224026,593.494016,0.0014700953895226121(0.0)
782,2; 1; 4,"(14003, 14003)",0,196087509,392.196018,494.927872,0.0016282768605742604(0.0)
783,2; 1; 8,"(14003, 14003)",0,196085759,392.182018,446.693376,0.000918708530953154(0.0)
784,2; 0; 1,"(14073, 14073)",0,198063402,396.211242,794.820608,0.002126041380688548(0.0)
785,2; 0; 2,"(14073, 14073)",0,198056365,396.154946,597.68832,0.0010637697507627308(0.0)
786,2; 0; 4,"(14073, 14073)",0,198052847,396.126802,499.122176,0.000533488750224933(0.0)
787,2; 0; 8,"(14073, 14073)",0,198051088,396.11273,448.790528,0.00026983881019987166(0.0)
788,2; 1; 1,"(14073, 14073)",0,198063402,396.211242,794.820608,0.0032310260296799244(0.0)
789,2; 1; 2,"(14073, 14073)",0,198056365,396.154946,597.68832,0.0016627856402192265(0.0)
790,2; 1; 4,"(14073, 14073)",0,198052847,396.126802,499.122176,0.0008309154701419175(0.0)
791,2; 1; 8,"(14073, 14073)",0,198051088,396.11273,448.790528,0.0006666577607393264(0.0)
792,2; 0; 1,"(14142, 14142)",0,200010306,400.105464,803.209216,0.0021562065696343778(0.0)
793,2; 0; 2,"(14142, 14142)",0,200003235,400.048896,603.979776,0.0010725369898136705(0.0)
794,2; 0; 4,"(14142, 14142)",0,199999699,400.020608,503.31648,0.0005380253097973764(0.0)
795,2; 0; 8,"(14142, 14142)",0,199997931,400.006464,452.984832,0.00027269570040516555(0.0)
796,2; 1; 1,"(14142, 14142)",0,200010306,400.105464,803.209216,0.003444375549443066(0.0)
797,2; 1; 2,"(14142, 14142)",0,200003235,400.048896,603.979776,0.0016986963397357612(0.0)
798,2; 1; 4,"(14142, 14142)",0,199999699,400.020608,503.31648,0.0015799965104088187(0.0)
799,2; 1; 8,"(14142, 14142)",0,199997931,400.006464,452.984832,0.0007268521306104958(0.0)
