,"Reduce factor, shape, dim",Input size,Sparsity,Total elements,Input memory,Total Memory,GPU clock time py geo (IQR),GPU clock time native (IQR)
0,1 square 0,"(1224, 1224)",0,2996352,14.98176,23.068672,0.00018535726005211472(0.0),0.0001377874599711504(0.0)
1,1 square 1,"(1224, 1224)",0,2996352,14.98176,23.068672,0.00015913249997538516(0.0),0.00011343984995619394(0.0)
2,1 square 0,"(1392, 1392)",0,3875328,19.37664,44.040192,0.000210406679980224(0.0),0.0001639719399099704(0.0)
3,1 square 1,"(1392, 1392)",0,3875328,19.37664,44.040192,0.0001905826199799776(0.0),0.00014385201997356488(0.0)
4,1 square 0,"(1542, 1542)",0,4755528,23.77764,44.040192,0.0002311589999590069(0.0),0.00018333982996409758(0.0)
5,1 square 1,"(1542, 1542)",0,4755528,23.77764,44.040192,0.00022304015001282096(0.0),0.0001755993098777253(0.0)
6,1 square 0,"(1678, 1678)",0,5631368,28.15684,46.137344,0.0002692197100259364(0.0),0.00017406561004463584(0.0)
7,1 square 1,"(1678, 1678)",0,5631368,28.15684,46.137344,0.00022275411000009627(0.0),0.00017646806008997373(0.0)
8,1 square 0,"(1804, 1804)",0,6508832,32.54416,50.331648,0.00024857600990799253(0.0),0.0001909646499552764(0.0)
9,1 square 1,"(1804, 1804)",0,6508832,32.54416,50.331648,0.00026167877003899773(0.0),0.0002072205599688459(0.0)
10,1 square 0,"(1922, 1922)",0,7388168,36.94084,54.525952,0.00027358106002793646(0.0),0.00021141498989891262(0.0)
11,1 square 1,"(1922, 1922)",0,7388168,36.94084,54.525952,0.00030137508001644165(0.0),0.00023911783006042242(0.0)
12,1 square 0,"(2033, 2033)",0,8266178,41.33089,56.623104,0.00029512095003155994(0.0),0.00023093016003258526(0.0)
13,1 square 1,"(2033, 2033)",0,8266178,41.33089,56.623104,0.0003324328499729745(0.0),0.0002665174000139814(0.0)
14,1 square 0,"(2139, 2139)",0,9150642,45.75321,60.817408,0.00031970951997209343(0.0),0.0002490747500269208(0.0)
15,1 square 1,"(2139, 2139)",0,9150642,45.75321,60.817408,0.00036653991002822295(0.0),0.0002995713701238856(0.0)
16,1 square 0,"(2239, 2239)",0,10026242,50.13121,65.011712,0.00034329449001234023(0.0),0.0002718387699860614(0.0)
17,1 square 1,"(2239, 2239)",0,10026242,50.13121,65.011712,0.0003968460799660534(0.0),0.0003262305399402976(0.0)
18,1 square 0,"(2335, 2335)",0,10904450,54.52225,71.303168,0.0003668857600132469(0.0),0.0002930371199909132(0.0)
19,1 square 1,"(2335, 2335)",0,10904450,54.52225,71.303168,0.0004301707400009036(0.0),0.000359009870007867(0.0)
20,1 square 0,"(2427, 2427)",0,11780658,58.90329,75.497472,0.0003894140299235005(0.0),0.00031109113013371825(0.0)
21,1 square 1,"(2427, 2427)",0,11780658,58.90329,75.497472,0.0004624576600326691(0.0),0.00038855480990605427(0.0)
22,1 square 0,"(2516, 2516)",0,12660512,63.30256,83.88608,0.00041307924009743147(0.0),0.0003298962699773256(0.0)
23,1 square 1,"(2516, 2516)",0,12660512,63.30256,83.88608,0.0004970436099392827(0.0),0.00041984463998232966(0.0)
24,1 square 0,"(2602, 2602)",0,13540808,67.70404,85.983232,0.00043726504998630844(0.0),0.00035081960988463833(0.0)
25,1 square 1,"(2602, 2602)",0,13540808,67.70404,85.983232,0.0005315116400015541(0.0),0.00045379668998066333(0.0)
26,1 square 0,"(2685, 2685)",0,14418450,72.09225,90.177536,0.000459239379997598(0.0),0.0003698399399581831(0.0)
27,1 square 1,"(2685, 2685)",0,14418450,72.09225,90.177536,0.0005638242799614091(0.0),0.000482827040104894(0.0)
28,1 square 0,"(2766, 2766)",0,15301512,76.50756,98.566144,0.0004844266599684488(0.0),0.00039013077999697996(0.0)
29,1 square 1,"(2766, 2766)",0,15301512,76.50756,98.566144,0.0006024032999994234(0.0),0.0005204692701227031(0.0)
30,1 square 0,"(2844, 2844)",0,16176672,80.88336,100.663296,0.0005081312599941156(0.0),0.00041199811006663366(0.0)
31,1 square 1,"(2844, 2844)",0,16176672,80.88336,100.663296,0.0006757626199396327(0.0),0.00054680814006133(0.0)
32,1 square 0,"(2920, 2920)",0,17052800,85.264,109.051904,0.0005289435799932107(0.0),0.0004299930100387428(0.0)
33,1 square 1,"(2920, 2920)",0,17052800,85.264,109.051904,0.0006686236200039275(0.0),0.0005808805199922063(0.0)
34,1 square 0,"(2994, 2994)",0,17928072,89.64036,113.246208,0.0005546402400068473(0.0),0.0004524787000264041(0.0)
35,1 square 1,"(2994, 2994)",0,17928072,89.64036,113.246208,0.000703089140006341(0.0),0.0006112384800508152(0.0)
36,1 square 0,"(3067, 3067)",0,18812978,94.06489,115.34336,0.0005759925898746588(0.0),0.0004712382399884518(0.0)
37,1 square 1,"(3067, 3067)",0,18812978,94.06489,115.34336,0.0007388247599010356(0.0),0.0006446668600256089(0.0)
38,1 square 0,"(3138, 3138)",0,19694088,98.47044,123.731968,0.0006013766399701126(0.0),0.0004943204599840101(0.0)
39,1 square 1,"(3138, 3138)",0,19694088,98.47044,123.731968,0.0007720462400175166(0.0),0.0006766689200594555(0.0)
40,1 square 0,"(3207, 3207)",0,20569698,102.84849,127.926272,0.0006251012798747979(0.0),0.0005153270499431528(0.0)
41,1 square 1,"(3207, 3207)",0,20569698,102.84849,127.926272,0.0008093283898779191(0.0),0.0007091605199093465(0.0)
42,1 square 0,"(3275, 3275)",0,21451250,107.25625,134.217728,0.0006482843898993451(0.0),0.0005390701099531725(0.0)
43,1 square 1,"(3275, 3275)",0,21451250,107.25625,134.217728,0.0008425491499656346(0.0),0.0007429514601244591(0.0)
44,1 square 0,"(3341, 3341)",0,22324562,111.62281,138.412032,0.0006721959600690752(0.0),0.0005612843899871222(0.0)
45,1 square 1,"(3341, 3341)",0,22324562,111.62281,138.412032,0.000877537069900427(0.0),0.0007738727900141384(0.0)
46,1 square 0,"(3406, 3406)",0,23201672,116.00836,146.80064,0.0006984008800645825(0.0),0.0005838372099970002(0.0)
47,1 square 1,"(3406, 3406)",0,23201672,116.00836,146.80064,0.00091325516012148(0.0),0.000808917609974742(0.0)
48,1 square 0,"(3470, 3470)",0,24081800,120.409,148.897792,0.0007253470999421551(0.0),0.0006267703299818095(0.0)
49,1 square 1,"(3470, 3470)",0,24081800,120.409,148.897792,0.0009461774799274281(0.0),0.0008410272799665109(0.0)
50,1 square 0,"(3533, 3533)",0,24964178,124.82089,153.092096,0.0007489060099760536(0.0),0.0006314607999229338(0.0)
51,1 square 1,"(3533, 3533)",0,24964178,124.82089,153.092096,0.0009842208599729928(0.0),0.0008755622399621643(0.0)
52,1 square 0,"(3595, 3595)",0,25848050,129.24025,161.480704,0.0007773254100175109(0.0),0.0006576998699165414(0.0)
53,1 square 1,"(3595, 3595)",0,25848050,129.24025,161.480704,0.001017049489892088(0.0),0.0009063530300045386(0.0)
54,1 square 0,"(3655, 3655)",0,26718050,133.59025,163.577856,0.0008058561199868564(0.0),0.000684498010086827(0.0)
55,1 square 1,"(3655, 3655)",0,26718050,133.59025,163.577856,0.0010524153099686373(0.0),0.0009396459300478455(0.0)
56,1 square 0,"(3715, 3715)",0,27602450,138.01225,171.966464,0.0008406620899040718(0.0),0.0007161998099763878(0.0)
57,1 square 1,"(3715, 3715)",0,27602450,138.01225,171.966464,0.001086614939995343(0.0),0.0009714605400222353(0.0)
58,1 square 0,"(3773, 3773)",0,28471058,142.35529,176.160768,0.0008774373699270654(0.0),0.0007515650399727747(0.0)
59,1 square 1,"(3773, 3773)",0,28471058,142.35529,176.160768,0.0011242403299547732(0.0),0.0010055849299533293(0.0)
60,1 square 0,"(3831, 3831)",0,29353122,146.76561,178.25792,0.0009619882400147616(0.0),0.0007926645899715368(0.0)
61,1 square 1,"(3831, 3831)",0,29353122,146.76561,178.25792,0.0011588938199565747(0.0),0.0010390149799059144(0.0)
62,1 square 0,"(3888, 3888)",0,30233088,151.16544,186.646528,0.0009672466799383983(0.0),0.0008368716300174128(0.0)
63,1 square 1,"(3888, 3888)",0,30233088,151.16544,186.646528,0.0011955644100089557(0.0),0.0010762603700277395(0.0)
64,1 square 0,"(3944, 3944)",0,31110272,155.55136,190.840832,0.0010242044100596103(0.0),0.0008910826599458232(0.0)
65,1 square 1,"(3944, 3944)",0,31110272,155.55136,190.840832,0.0012304966998635792(0.0),0.0011047497999970802(0.0)
66,1 square 0,"(4000, 4000)",0,32000000,160.0,199.22944,0.0011057938699377701(0.0),0.0009704986200085842(0.0)
67,1 square 1,"(4000, 4000)",0,32000000,160.0,199.22944,0.0013438456800940913(0.0),0.001139236970047932(0.0)
68,1 square 0,"(4054, 4054)",0,32869832,164.34916,201.326592,0.0011748667899519206(0.0),0.0010367589299858082(0.0)
69,1 square 1,"(4054, 4054)",0,32869832,164.34916,201.326592,0.0013001302900374867(0.0),0.001171669449977344(0.0)
70,1 square 0,"(4108, 4108)",0,33751328,168.75664,209.7152,0.0012632953700085637(0.0),0.001113252960058162(0.0)
71,1 square 1,"(4108, 4108)",0,33751328,168.75664,209.7152,0.0013540531699254644(0.0),0.0012150825699791313(0.0)
72,1 square 0,"(4161, 4161)",0,34627842,173.13921,213.909504,0.001352803609916009(0.0),0.0011911489500198514(0.0)
73,1 square 1,"(4161, 4161)",0,34627842,173.13921,213.909504,0.0013729900500038638(0.0),0.0012380769199808127(0.0)
74,1 square 0,"(4213, 4213)",0,35498738,177.49369,216.006656,0.0014095166701008565(0.0),0.0012651320500299335(0.0)
75,1 square 1,"(4213, 4213)",0,35498738,177.49369,216.006656,0.0014070736599387601(0.0),0.0012716775099397637(0.0)
76,1 square 0,"(4265, 4265)",0,36380450,181.90225,224.395264,0.0014989031699951738(0.0),0.0013516064500436187(0.0)
77,1 square 1,"(4265, 4265)",0,36380450,181.90225,224.395264,0.0014447671700327193(0.0),0.0013066392700420693(0.0)
78,1 square 0,"(4316, 4316)",0,37255712,186.27856,228.589568,0.0015775717100768817(0.0),0.0014282684998761397(0.0)
79,1 square 1,"(4316, 4316)",0,37255712,186.27856,228.589568,0.001483932880073553(0.0),0.0013399780601321253(0.0)
80,1 square 0,"(4367, 4367)",0,38141378,190.70689,234.881024,0.0016597557000932284(0.0),0.001505785659974208(0.0)
81,1 square 1,"(4367, 4367)",0,38141378,190.70689,234.881024,0.0015177770299487747(0.0),0.0013733163599681576(0.0)
82,1 square 0,"(4417, 4417)",0,39019778,195.09889,239.075328,0.0017397662899747957(0.0),0.0015830308198928832(0.0)
83,1 square 1,"(4417, 4417)",0,39019778,195.09889,239.075328,0.001557292989891721(0.0),0.0014073859299242031(0.0)
84,1 square 0,"(4467, 4467)",0,39908178,199.54089,247.463936,0.0018197428999701514(0.0),0.0016790791100356728(0.0)
85,1 square 1,"(4467, 4467)",0,39908178,199.54089,247.463936,0.001591330599912908(0.0),0.0014417009700264315(0.0)
86,1 square 0,"(4515, 4515)",0,40770450,203.85225,249.561088,0.0018957829799910542(0.0),0.0017348661199503112(0.0)
87,1 square 1,"(4515, 4515)",0,40770450,203.85225,249.561088,0.0016253649099962787(0.0),0.0014740267499291804(0.0)
88,1 square 0,"(4564, 4564)",0,41660192,208.30096,253.755392,0.001974222290009493(0.0),0.0018121283099753781(0.0)
89,1 square 1,"(4564, 4564)",0,41660192,208.30096,253.755392,0.0016648475099646021(0.0),0.0015078168000036386(0.0)
90,1 square 0,"(4612, 4612)",0,42541088,212.70544,262.144,0.0020639507299347313(0.0),0.0018993958999635652(0.0)
91,1 square 1,"(4612, 4612)",0,42541088,212.70544,262.144,0.001699683430051664(0.0),0.001542495910107391(0.0)
92,1 square 0,"(4659, 4659)",0,43412562,217.06281,264.241152,0.0021501218499906825(0.0),0.0019817012100247665(0.0)
93,1 square 1,"(4659, 4659)",0,43412562,217.06281,264.241152,0.0017344389000209048(0.0),0.0015754813401144929(0.0)
94,1 square 0,"(4706, 4706)",0,44292872,221.46436,272.62976,0.002230157069861889(0.0),0.0020594476099358872(0.0)
95,1 square 1,"(4706, 4706)",0,44292872,221.46436,272.62976,0.0018887553800595925(0.0),0.0016089009800634812(0.0)
96,1 square 0,"(4752, 4752)",0,45163008,225.81504,276.824064,0.0023106600900064224(0.0),0.002137870700098574(0.0)
97,1 square 1,"(4752, 4752)",0,45163008,225.81504,276.824064,0.0018080749300133903(0.0),0.0016442435600038151(0.0)
98,1 square 0,"(4798, 4798)",0,46041608,230.20804,278.921216,0.0023966136999661104(0.0),0.0022214934999647083(0.0)
99,1 square 1,"(4798, 4798)",0,46041608,230.20804,278.921216,0.0018441660299140495(0.0),0.0016767066999454983(0.0)
100,1 square 0,"(4844, 4844)",0,46928672,234.64336,287.309824,0.0024797981600568164(0.0),0.0023013786399678792(0.0)
101,1 square 1,"(4844, 4844)",0,46928672,234.64336,287.309824,0.0018819571200583596(0.0),0.0017119362601079047(0.0)
102,1 square 0,"(4889, 4889)",0,47804642,239.02321,291.504128,0.0025582318700617178(0.0),0.002377426930033835(0.0)
103,1 square 1,"(4889, 4889)",0,47804642,239.02321,291.504128,0.0019176851300289855(0.0),0.0017459751800925005(0.0)
104,1 square 0,"(4934, 4934)",0,48688712,243.44356,297.795584,0.0026483565499074756(0.0),0.0024653546699846627(0.0)
105,1 square 1,"(4934, 4934)",0,48688712,243.44356,297.795584,0.0019541180699889082(0.0),0.0017798119099461474(0.0)
106,1 square 0,"(4978, 4978)",0,49560968,247.80484,301.989888,0.002728531739994651(0.0),0.0025431953399674967(0.0)
107,1 square 1,"(4978, 4978)",0,49560968,247.80484,301.989888,0.001990158560074633(0.0),0.0018124413599434775(0.0)
108,1 square 0,"(5022, 5022)",0,50440968,252.20484,310.378496,0.0028128378400288055(0.0),0.002624264019978(0.0)
109,1 square 1,"(5022, 5022)",0,50440968,252.20484,310.378496,0.0020264589501312004(0.0),0.0018474777598748915(0.0)
110,1 square 0,"(5066, 5066)",0,51328712,256.64356,312.475648,0.002896020199987106(0.0),0.0027059011699748226(0.0)
111,1 square 1,"(5066, 5066)",0,51328712,256.64356,312.475648,0.002063080139923841(0.0),0.0018817372899502516(0.0)
112,1 square 0,"(5109, 5109)",0,52203762,261.01881,316.669952,0.002977395769994473(0.0),0.0027848353999434037(0.0)
113,1 square 1,"(5109, 5109)",0,52203762,261.01881,316.669952,0.0020996826999180483(0.0),0.0019161243599955923(0.0)
114,1 square 0,"(5152, 5152)",0,53086208,265.43104,325.05856,0.0030634847200417424(0.0),0.0028673621399502736(0.0)
115,1 square 1,"(5152, 5152)",0,53086208,265.43104,325.05856,0.002133717200049432(0.0),0.001949193140026182(0.0)
116,1 square 0,"(5194, 5194)",0,53955272,269.77636,327.155712,0.0031496856900048442(0.0),0.0029525893600657583(0.0)
117,1 square 1,"(5194, 5194)",0,53955272,269.77636,327.155712,0.002171310630074004(0.0),0.0019827871100278572(0.0)
118,1 square 0,"(5236, 5236)",0,54831392,274.15696,335.54432,0.0032329054300498684(0.0),0.0030324801200185903(0.0)
119,1 square 1,"(5236, 5236)",0,54831392,274.15696,335.54432,0.0022087575700425075(0.0),0.002017559509986313(0.0)
120,1 square 0,"(5278, 5278)",0,55714568,278.57284,339.738624,0.0033199672200134953(0.0),0.003117812349955784(0.0)
121,1 square 1,"(5278, 5278)",0,55714568,278.57284,339.738624,0.0022453000300447458(0.0),0.0020529936499951874(0.0)
122,1 square 0,"(5320, 5320)",0,56604800,283.024,341.835776,0.003407955169968773(0.0),0.0032024341300711965(0.0)
123,1 square 1,"(5320, 5320)",0,56604800,283.024,341.835776,0.0022838193899951875(0.0),0.0020863764300884215(0.0)
124,1 square 0,"(5361, 5361)",0,57480642,287.40321,350.224384,0.0034922810998978095(0.0),0.003284517220017733(0.0)
125,1 square 1,"(5361, 5361)",0,57480642,287.40321,350.224384,0.0023199981499055864(0.0),0.0021224571000493598(0.0)
126,1 square 0,"(5402, 5402)",0,58363208,291.81604,354.418688,0.003574775460001547(0.0),0.0033646325900917873(0.0)
127,1 square 1,"(5402, 5402)",0,58363208,291.81604,354.418688,0.0023553891200572253(0.0),0.0021541361500567293(0.0)
128,1 square 0,"(5442, 5442)",0,59230728,296.15364,360.710144,0.0036589076100790405(0.0),0.003447495549917221(0.0)
129,1 square 1,"(5442, 5442)",0,59230728,296.15364,360.710144,0.002390940690092975(0.0),0.002188075470039621(0.0)
130,1 square 0,"(5482, 5482)",0,60104648,300.52324,364.904448,0.003742112519976217(0.0),0.0035269034799421204(0.0)
131,1 square 1,"(5482, 5482)",0,60104648,300.52324,364.904448,0.0024270457000238822(0.0),0.0022223770800337663(0.0)
132,1 square 0,"(5522, 5522)",0,60984968,304.92484,373.293056,0.0038284489398938606(0.0),0.0036106959899188953(0.0)
133,1 square 1,"(5522, 5522)",0,60984968,304.92484,373.293056,0.0024656059499830007(0.0),0.00225649133004481(0.0)
134,1 square 0,"(5562, 5562)",0,61871688,309.35844,377.48736,0.003916696770029375(0.0),0.0036968454701127485(0.0)
135,1 square 1,"(5562, 5562)",0,61871688,309.35844,377.48736,0.0025007459499465767(0.0),0.002290199919953011(0.0)
136,1 square 0,"(5601, 5601)",0,62742402,313.71201,379.584512,0.003999606219877023(0.0),0.0037781704199733213(0.0)
137,1 square 1,"(5601, 5601)",0,62742402,313.71201,379.584512,0.002540504760108888(0.0),0.0023260116699384526(0.0)
138,1 square 0,"(5640, 5640)",0,63619200,318.096,387.97312,0.004088814569986426(0.0),0.0038652714800264222(0.0)
139,1 square 1,"(5640, 5640)",0,63619200,318.096,387.97312,0.0025748489500256257(0.0),0.0023606812801153865(0.0)
140,1 square 0,"(5679, 5679)",0,64502082,322.51041,392.167424,0.004172153429972241(0.0),0.003942074590013362(0.0)
141,1 square 1,"(5679, 5679)",0,64502082,322.51041,392.167424,0.002610214059968712(0.0),0.002394041700026719(0.0)
142,1 square 0,"(5718, 5718)",0,65391048,326.95524,398.45888,0.0042530864400032444(0.0),0.004023908700037282(0.0)
143,1 square 1,"(5718, 5718)",0,65391048,326.95524,398.45888,0.0026482292800210417(0.0),0.0024281260899442713(0.0)
144,1 square 0,"(5756, 5756)",0,66263072,331.31536,402.653184,0.004341698649950558(0.0),0.0041093738800555(0.0)
145,1 square 1,"(5756, 5756)",0,66263072,331.31536,402.653184,0.002685614020010689(0.0),0.0024631864399998447(0.0)
146,1 square 0,"(5794, 5794)",0,67140872,335.70436,411.041792,0.0044308836499112655(0.0),0.004196248410007684(0.0)
147,1 square 1,"(5794, 5794)",0,67140872,335.70436,411.041792,0.002722165360028157(0.0),0.0024970946999383157(0.0)
148,1 square 0,"(5832, 5832)",0,68024448,340.12224,413.138944,0.00451034988000174(0.0),0.004274903019977501(0.0)
149,1 square 1,"(5832, 5832)",0,68024448,340.12224,413.138944,0.0027575193600205238(0.0),0.0025326778199814726(0.0)
150,1 square 0,"(5869, 5869)",0,68890322,344.45161,417.333248,0.004599047459923895(0.0),0.004357927380042383(0.0)
151,1 square 1,"(5869, 5869)",0,68890322,344.45161,417.333248,0.002796532060019672(0.0),0.0025663095600612(0.0)
152,1 square 0,"(5907, 5907)",0,69785298,348.92649,425.721856,0.004685802669991972(0.0),0.004443816840066574(0.0)
153,1 square 1,"(5907, 5907)",0,69785298,348.92649,425.721856,0.002833074309892254(0.0),0.0026122068701079117(0.0)
154,1 square 0,"(5944, 5944)",0,70662272,353.31136,427.819008,0.0048287471500225365(0.0),0.004527839190122904(0.0)
155,1 square 1,"(5944, 5944)",0,70662272,353.31136,427.819008,0.0028802586399251594(0.0),0.002634384269913426(0.0)
156,1 square 0,"(5981, 5981)",0,71544722,357.72361,436.207616,0.004862812589999521(0.0),0.004610759850038448(0.0)
157,1 square 1,"(5981, 5981)",0,71544722,357.72361,436.207616,0.002905839859886328(0.0),0.0026699609799834432(0.0)
158,1 square 0,"(6017, 6017)",0,72408578,362.04289,440.40192,0.004945198740024352(0.0),0.004696462370047811(0.0)
159,1 square 1,"(6017, 6017)",0,72408578,362.04289,440.40192,0.0029429245299252217(0.0),0.0027044627600116655(0.0)
160,1 square 0,"(6054, 6054)",0,73301832,366.50916,442.499072,0.0050333527899056206(0.0),0.004781103380082641(0.0)
161,1 square 1,"(6054, 6054)",0,73301832,366.50916,442.499072,0.002976392660057172(0.0),0.002738180860033026(0.0)
162,1 square 0,"(6090, 6090)",0,74176200,370.881,450.88768,0.005115723210037686(0.0),0.004860729909996735(0.0)
163,1 square 1,"(6090, 6090)",0,74176200,370.881,450.88768,0.003014501050056424(0.0),0.002770972400030587(0.0)
164,1 square 0,"(6126, 6126)",0,75055752,375.27876,455.081984,0.005198687850061105(0.0),0.004943162540002959(0.0)
165,1 square 1,"(6126, 6126)",0,75055752,375.27876,455.081984,0.0030518718500388785(0.0),0.0028072274100850335(0.0)
166,1 square 0,"(6161, 6161)",0,75915842,379.57921,461.37344,0.005282368640037021(0.0),0.005024202240019804(0.0)
167,1 square 1,"(6161, 6161)",0,75915842,379.57921,461.37344,0.003087139269919135(0.0),0.0028408309900260064(0.0)
168,1 square 0,"(6197, 6197)",0,76805618,384.02809,465.567744,0.005378209000045899(0.0),0.0051177562899829354(0.0)
169,1 square 1,"(6197, 6197)",0,76805618,384.02809,465.567744,0.0031252516798849685(0.0),0.002877735299989581(0.0)
170,1 square 0,"(6232, 6232)",0,77675648,388.37824,473.956352,0.00546396873993217(0.0),0.0052013531301054175(0.0)
171,1 square 1,"(6232, 6232)",0,77675648,388.37824,473.956352,0.003162277319934219(0.0),0.0029094479099148886(0.0)
172,1 square 0,"(6268, 6268)",0,78575648,392.87824,476.053504,0.005551865279994672(0.0),0.005285430270014331(0.0)
173,1 square 1,"(6268, 6268)",0,78575648,392.87824,476.053504,0.003201029529882362(0.0),0.0029452791099902243(0.0)
174,1 square 0,"(6302, 6302)",0,79430408,397.15204,480.247808,0.005634942739998223(0.0),0.005368225690035615(0.0)
175,1 square 1,"(6302, 6302)",0,79430408,397.15204,480.247808,0.003235735389898764(0.0),0.0029793882499507163(0.0)
176,1 square 0,"(6337, 6337)",0,80315138,401.57569,488.636416,0.005730511389992898(0.0),0.005451630450115772(0.0)
177,1 square 1,"(6337, 6337)",0,80315138,401.57569,488.636416,0.003274654709966853(0.0),0.003016146579902852(0.0)
178,1 square 0,"(6372, 6372)",0,81204768,406.02384,490.733568,0.005807602819986641(0.0),0.005535885019926354(0.0)
179,1 square 1,"(6372, 6372)",0,81204768,406.02384,490.733568,0.0033108411800640168(0.0),0.0030496884499734735(0.0)
180,1 square 0,"(6406, 6406)",0,82073672,410.36836,499.122176,0.005901789159979671(0.0),0.005623967830033507(0.0)
181,1 square 1,"(6406, 6406)",0,82073672,410.36836,499.122176,0.0033449742499215064(0.0),0.0030831189999298656(0.0)
182,1 square 0,"(6440, 6440)",0,82947200,414.736,503.31648,0.00598439220993896(0.0),0.005707995379925706(0.0)
183,1 square 1,"(6440, 6440)",0,82947200,414.736,503.31648,0.0033825618599075823(0.0),0.003117441630020039(0.0)
184,1 square 0,"(6474, 6474)",0,83825352,419.12676,505.413632,0.006068259049934568(0.0),0.005790826360025676(0.0)
185,1 square 1,"(6474, 6474)",0,83825352,419.12676,505.413632,0.003419548429956194(0.0),0.0031510348999290727(0.0)
186,1 square 0,"(6508, 6508)",0,84708128,423.54064,513.80224,0.006157229130039923(0.0),0.005875242429901846(0.0)
187,1 square 1,"(6508, 6508)",0,84708128,423.54064,513.80224,0.0034578303499438333(0.0),0.0031870358099695293(0.0)
188,1 square 0,"(6542, 6542)",0,85595528,427.97764,517.996544,0.006242104770062724(0.0),0.005956794300000183(0.0)
189,1 square 1,"(6542, 6542)",0,85595528,427.97764,517.996544,0.003496506219962612(0.0),0.003221585069986759(0.0)
190,1 square 0,"(6575, 6575)",0,86461250,432.30625,524.288,0.0063331861399638(0.0),0.006047998699941672(0.0)
191,1 square 1,"(6575, 6575)",0,86461250,432.30625,524.288,0.003530213779886253(0.0),0.0032549054200353565(0.0)
192,1 square 0,"(6609, 6609)",0,87357762,436.78881,528.482304,0.006419195019989274(0.0),0.006129253299877746(0.0)
193,1 square 1,"(6609, 6609)",0,87357762,436.78881,528.482304,0.003574935969954822(0.0),0.0032900266601063777(0.0)
194,1 square 0,"(6642, 6642)",0,88232328,441.16164,536.870912,0.006539888940023957(0.0),0.006216345730063039(0.0)
195,1 square 1,"(6642, 6642)",0,88232328,441.16164,536.870912,0.0036051178799243644(0.0),0.003324136500013992(0.0)
196,1 square 0,"(6675, 6675)",0,89111250,445.55625,538.968064,0.006594402210030239(0.0),0.006301114469970344(0.0)
197,1 square 1,"(6675, 6675)",0,89111250,445.55625,538.968064,0.0036435215298843103(0.0),0.003358482180046849(0.0)
198,1 square 0,"(6708, 6708)",0,89994528,449.97264,543.162368,0.006688046909985133(0.0),0.006388215710030636(0.0)
199,1 square 1,"(6708, 6708)",0,89994528,449.97264,543.162368,0.0036783285799901933(0.0),0.0033942709899565673(0.0)
200,2 square 0,"(1224, 1224)",0,2996352,14.98176,23.068672,0.00018014886998571456(0.0),0.000136484870017739(0.0)
201,2 square 1,"(1224, 1224)",0,2996352,14.98176,23.068672,0.00013863863990991375(0.0),9.494949990767055e-05(0.0)
202,2 square 0,"(1392, 1392)",0,3875328,19.37664,44.040192,0.00020430921998922712(0.0),0.000160531000001356(0.0)
203,2 square 1,"(1392, 1392)",0,3875328,19.37664,44.040192,0.00016805231993203052(0.0),0.00012616337000508792(0.0)
204,2 square 0,"(1542, 1542)",0,4755528,23.77764,44.040192,0.00022194975012098438(0.0),0.0001777350100746844(0.0)
205,2 square 1,"(1542, 1542)",0,4755528,23.77764,44.040192,0.00019756998008233496(0.0),0.00015314023999962956(0.0)
206,2 square 0,"(1678, 1678)",0,5631368,28.15684,46.137344,0.0002528852999967057(0.0),0.00021011118005844764(0.0)
207,2 square 1,"(1678, 1678)",0,5631368,28.15684,46.137344,0.00023758096998790278(0.0),0.0001979194399609696(0.0)
208,2 square 0,"(1804, 1804)",0,6508832,32.54416,50.331648,0.000275391619943548(0.0),0.00022646108001936227(0.0)
209,2 square 1,"(1804, 1804)",0,6508832,32.54416,50.331648,0.0002814252200187184(0.0),0.00022791171009885149(0.0)
210,2 square 0,"(1922, 1922)",0,7388168,36.94084,54.525952,0.0003051684900128748(0.0),0.0002470715099480003(0.0)
211,2 square 1,"(1922, 1922)",0,7388168,36.94084,54.525952,0.00032623357998090796(0.0),0.0002724183000100311(0.0)
212,2 square 0,"(2033, 2033)",0,8266178,41.33089,56.623104,0.00032986032994813285(0.0),0.00026626007005688736(0.0)
213,2 square 1,"(2033, 2033)",0,8266178,41.33089,56.623104,0.0003644916600023862(0.0),0.0003067713099881075(0.0)
214,2 square 0,"(2139, 2139)",0,9150642,45.75321,60.817408,0.00035074428000370973(0.0),0.0002854519301035907(0.0)
215,2 square 1,"(2139, 2139)",0,9150642,45.75321,60.817408,0.0004029333000653423(0.0),0.0003441154700703919(0.0)
216,2 square 0,"(2239, 2239)",0,10026242,50.13121,65.011712,0.00037795269992784596(0.0),0.0003087844100082293(0.0)
217,2 square 1,"(2239, 2239)",0,10026242,50.13121,65.011712,0.00044094070995924993(0.0),0.000366512679902371(0.0)
218,2 square 0,"(2335, 2335)",0,10904450,54.52225,79.691776,0.00039739864005241545(0.0),0.00032599904006929136(0.0)
219,2 square 1,"(2335, 2335)",0,10904450,54.52225,79.691776,0.0004780195599596482(0.0),0.0004020707700692583(0.0)
220,2 square 0,"(2427, 2427)",0,11780658,58.90329,83.88608,0.00042044868998345917(0.0),0.0003472626100119669(0.0)
221,2 square 1,"(2427, 2427)",0,11780658,58.90329,83.88608,0.0005166298200492747(0.0),0.0004396309400908649(0.0)
222,2 square 0,"(2516, 2516)",0,12660512,63.30256,90.177536,0.0004389217999414541(0.0),0.0003634721400158014(0.0)
223,2 square 1,"(2516, 2516)",0,12660512,63.30256,90.177536,0.0005536604799272027(0.0),0.0004801799399137963(0.0)
224,2 square 0,"(2602, 2602)",0,13540808,67.70404,92.274688,0.0004612829399411567(0.0),0.00038509930003783666(0.0)
225,2 square 1,"(2602, 2602)",0,13540808,67.70404,92.274688,0.0005919860900030472(0.0),0.0005240597500232979(0.0)
226,2 square 0,"(2685, 2685)",0,14418450,72.09225,96.468992,0.0004830920399399474(0.0),0.000403489940072177(0.0)
227,2 square 1,"(2685, 2685)",0,14418450,72.09225,96.468992,0.0006299629400018603(0.0),0.0005696724199515302(0.0)
228,2 square 0,"(2766, 2766)",0,15301512,76.50756,102.760448,0.0005045600001176353(0.0),0.0004230582099989988(0.0)
229,2 square 1,"(2766, 2766)",0,15301512,76.50756,102.760448,0.0006726390699623153(0.0),0.0006108962099824566(0.0)
230,2 square 0,"(2844, 2844)",0,16176672,80.88336,104.8576,0.0005281589899095707(0.0),0.0004449728100735229(0.0)
231,2 square 1,"(2844, 2844)",0,16176672,80.88336,104.8576,0.0007119656700524501(0.0),0.0006378786900313571(0.0)
232,2 square 0,"(2920, 2920)",0,17052800,85.264,111.149056,0.0005474005499854684(0.0),0.0004614916299760807(0.0)
233,2 square 1,"(2920, 2920)",0,17052800,85.264,111.149056,0.0007506923499749973(0.0),0.0006760522100375965(0.0)
234,2 square 0,"(2994, 2994)",0,17928072,89.64036,115.34336,0.0005715936499473173(0.0),0.00048356133003835567(0.0)
235,2 square 1,"(2994, 2994)",0,17928072,89.64036,115.34336,0.0007893601000250783(0.0),0.0007147158699808642(0.0)
236,2 square 0,"(3067, 3067)",0,18812978,94.06489,117.440512,0.0005920406899531372(0.0),0.0005018228400149382(0.0)
237,2 square 1,"(3067, 3067)",0,18812978,94.06489,117.440512,0.0008320501599519048(0.0),0.0007439523001085036(0.0)
238,2 square 0,"(3138, 3138)",0,19694088,98.47044,123.731968,0.000614989650057396(0.0),0.0005234153299534228(0.0)
239,2 square 1,"(3138, 3138)",0,19694088,98.47044,123.731968,0.0008730691600067075(0.0),0.0007791921800526325(0.0)
240,2 square 0,"(3207, 3207)",0,20569698,102.84849,127.926272,0.0006380707499920391(0.0),0.0005428737899637781(0.0)
241,2 square 1,"(3207, 3207)",0,20569698,102.84849,127.926272,0.0009163201700721402(0.0),0.0008147476600424852(0.0)
242,2 square 0,"(3275, 3275)",0,21451250,107.25625,123.731968,0.0006582415700540878(0.0),0.0005633678099547978(0.0)
243,2 square 1,"(3275, 3275)",0,21451250,107.25625,123.731968,0.0009564746299292892(0.0),0.0008548232799512334(0.0)
244,2 square 0,"(3341, 3341)",0,22324562,111.62281,127.926272,0.0006813611499092076(0.0),0.000583939280040795(0.0)
245,2 square 1,"(3341, 3341)",0,22324562,111.62281,127.926272,0.0009986727699288168(0.0),0.0008944213899667375(0.0)
246,2 square 0,"(3406, 3406)",0,23201672,116.00836,134.217728,0.0007030745700467378(0.0),0.0006031364499358461(0.0)
247,2 square 1,"(3406, 3406)",0,23201672,116.00836,134.217728,0.0010383499300223775(0.0),0.0009371036299853586(0.0)
248,2 square 0,"(3470, 3470)",0,24081800,120.409,136.31488,0.000726313269988168(0.0),0.0006248991700704209(0.0)
249,2 square 1,"(3470, 3470)",0,24081800,120.409,136.31488,0.001083567059977213(0.0),0.0009807333700882737(0.0)
250,2 square 0,"(3533, 3533)",0,24964178,124.82089,140.509184,0.000747180809994461(0.0),0.0006455068099603523(0.0)
251,2 square 1,"(3533, 3533)",0,24964178,124.82089,140.509184,0.0011266735999379306(0.0),0.001032542460015975(0.0)
252,2 square 0,"(3595, 3595)",0,25848050,129.24025,148.897792,0.0007702456800325309(0.0),0.0006673862399475183(0.0)
253,2 square 1,"(3595, 3595)",0,25848050,129.24025,148.897792,0.001169972619973123(0.0),0.0010752302099717782(0.0)
254,2 square 0,"(3655, 3655)",0,26718050,133.59025,150.994944,0.0007944780599791557(0.0),0.0006896219600457698(0.0)
255,2 square 1,"(3655, 3655)",0,26718050,133.59025,150.994944,0.0012098944399622268(0.0),0.0011300873500294983(0.0)
256,2 square 0,"(3715, 3715)",0,27602450,138.01225,157.2864,0.0008168784799636342(0.0),0.0007108220999361947(0.0)
257,2 square 1,"(3715, 3715)",0,27602450,138.01225,157.2864,0.0012531747100001666(0.0),0.001155854140088195(0.0)
258,2 square 0,"(3773, 3773)",0,28471058,142.35529,161.480704,0.000839499230060028(0.0),0.0007329085400851909(0.0)
259,2 square 1,"(3773, 3773)",0,28471058,142.35529,161.480704,0.0012985300000582355(0.0),0.0011984725600632372(0.0)
260,2 square 0,"(3831, 3831)",0,29353122,146.76561,163.577856,0.0008612358900427353(0.0),0.000752947589935502(0.0)
261,2 square 1,"(3831, 3831)",0,29353122,146.76561,163.577856,0.001340127690054942(0.0),0.001249579610012006(0.0)
262,2 square 0,"(3888, 3888)",0,30233088,151.16544,171.966464,0.0008924895399832167(0.0),0.0007750099799886811(0.0)
263,2 square 1,"(3888, 3888)",0,30233088,151.16544,171.966464,0.0013855902900104411(0.0),0.0012879109400091692(0.0)
264,2 square 0,"(3944, 3944)",0,31110272,155.55136,176.160768,0.0009065862699935679(0.0),0.0007964357599848881(0.0)
265,2 square 1,"(3944, 3944)",0,31110272,155.55136,176.160768,0.0014293588799773715(0.0),0.0013316386500082445(0.0)
266,2 square 0,"(4000, 4000)",0,32000000,160.0,182.452224,0.0009297917201183736(0.0),0.0008186947100330144(0.0)
267,2 square 1,"(4000, 4000)",0,32000000,160.0,182.452224,0.0014722442100173793(0.0),0.001379956540040439(0.0)
268,2 square 0,"(4054, 4054)",0,32869832,164.34916,184.549376,0.0009534644399536773(0.0),0.0008390729100210592(0.0)
269,2 square 1,"(4054, 4054)",0,32869832,164.34916,184.549376,0.0015158944799622987(0.0),0.0014197653500013984(0.0)
270,2 square 0,"(4108, 4108)",0,33751328,168.75664,192.937984,0.0009740365100151393(0.0),0.0008592078599031083(0.0)
271,2 square 1,"(4108, 4108)",0,33751328,168.75664,192.937984,0.001561764240032062(0.0),0.0014919532398926093(0.0)
272,2 square 0,"(4161, 4161)",0,34627842,173.13921,197.132288,0.0009986571299668867(0.0),0.0008826292101002764(0.0)
273,2 square 1,"(4161, 4161)",0,34627842,173.13921,197.132288,0.0016025783600343857(0.0),0.0015014823400997556(0.0)
274,2 square 0,"(4213, 4213)",0,35498738,177.49369,199.22944,0.001021852959966054(0.0),0.0009027639499981887(0.0)
275,2 square 1,"(4213, 4213)",0,35498738,177.49369,199.22944,0.0016480815199611243(0.0),0.0015610580999054946(0.0)
276,2 square 0,"(4265, 4265)",0,36380450,181.90225,205.520896,0.0010437292901042383(0.0),0.0009246550098760053(0.0)
277,2 square 1,"(4265, 4265)",0,36380450,181.90225,205.520896,0.0016927112398843747(0.0),0.0015936342399800196(0.0)
278,2 square 0,"(4316, 4316)",0,37255712,186.27856,209.7152,0.001065230509993853(0.0),0.00094662863004487(0.0)
279,2 square 1,"(4316, 4316)",0,37255712,186.27856,209.7152,0.0017389936799008866(0.0),0.0016204545200162101(0.0)
280,2 square 0,"(4367, 4367)",0,38141378,190.70689,216.006656,0.0010902310301025863(0.0),0.0009679175399651285(0.0)
281,2 square 1,"(4367, 4367)",0,38141378,190.70689,216.006656,0.001787575970083708(0.0),0.0016651008700137027(0.0)
282,2 square 0,"(4417, 4417)",0,39019778,195.09889,220.20096,0.0011127275400212965(0.0),0.0009881678999227007(0.0)
283,2 square 1,"(4417, 4417)",0,39019778,195.09889,220.20096,0.0018285226399893872(0.0),0.001698867670056643(0.0)
284,2 square 0,"(4467, 4467)",0,39908178,199.54089,226.492416,0.0011365603600279428(0.0),0.0010106690198881552(0.0)
285,2 square 1,"(4467, 4467)",0,39908178,199.54089,226.492416,0.001878153400029987(0.0),0.0017514849800500088(0.0)
286,2 square 0,"(4515, 4515)",0,40770450,203.85225,228.589568,0.001159853569988627(0.0),0.0010336864000419154(0.0)
287,2 square 1,"(4515, 4515)",0,40770450,203.85225,228.589568,0.0019239991200447548(0.0),0.0018336051299411337(0.0)
288,2 square 0,"(4564, 4564)",0,41660192,208.30096,232.783872,0.0011831467899901327(0.0),0.0010549328399065416(0.0)
289,2 square 1,"(4564, 4564)",0,41660192,208.30096,232.783872,0.0019658029000856913(0.0),0.0018326437099312899(0.0)
290,2 square 0,"(4612, 4612)",0,42541088,212.70544,241.17248,0.0012081004300853238(0.0),0.0010785921399656217(0.0)
291,2 square 1,"(4612, 4612)",0,42541088,212.70544,241.17248,0.0020134825799323153(0.0),0.0018852967998827807(0.0)
292,2 square 0,"(4659, 4659)",0,43412562,217.06281,243.269632,0.0012314898199110758(0.0),0.0011001261298952158(0.0)
293,2 square 1,"(4659, 4659)",0,43412562,217.06281,243.269632,0.0020586066400574057(0.0),0.0019426881200342904(0.0)
294,2 square 0,"(4706, 4706)",0,44292872,221.46436,249.561088,0.0012549319099343847(0.0),0.0011241000199515838(0.0)
295,2 square 1,"(4706, 4706)",0,44292872,221.46436,249.561088,0.002100665000034496(0.0),0.001983339430007618(0.0)
296,2 square 0,"(4752, 4752)",0,45163008,225.81504,253.755392,0.0012798042999929747(0.0),0.001145640720060328(0.0)
297,2 square 1,"(4752, 4752)",0,45163008,225.81504,253.755392,0.0021500320600171107(0.0),0.0020077768999908585(0.0)
298,2 square 0,"(4798, 4798)",0,46041608,230.20804,255.852544,0.001305690799927106(0.0),0.0011691304000851232(0.0)
299,2 square 1,"(4798, 4798)",0,46041608,230.20804,255.852544,0.0021996187399781777(0.0),0.0020429733899072744(0.0)
300,2 square 0,"(4844, 4844)",0,46928672,234.64336,264.241152,0.0013305383500119205(0.0),0.0011938683399057481(0.0)
301,2 square 1,"(4844, 4844)",0,46928672,234.64336,264.241152,0.002239630840049358(0.0),0.0020963647701137235(0.0)
302,2 square 0,"(4889, 4889)",0,47804642,239.02321,268.435456,0.0013558974600164219(0.0),0.0012165406701387838(0.0)
303,2 square 1,"(4889, 4889)",0,47804642,239.02321,268.435456,0.002289017950097332(0.0),0.0021243651599797886(0.0)
304,2 square 0,"(4934, 4934)",0,48688712,243.44356,272.62976,0.0013827789500646759(0.0),0.0012416819599457085(0.0)
305,2 square 1,"(4934, 4934)",0,48688712,243.44356,272.62976,0.002332350619981298(0.0),0.002169266900018556(0.0)
306,2 square 0,"(4978, 4978)",0,49560968,247.80484,276.824064,0.0014089862599212211(0.0),0.001266285049932776(0.0)
307,2 square 1,"(4978, 4978)",0,49560968,247.80484,276.824064,0.002377856300008716(0.0),0.002204004819941474(0.0)
308,2 square 0,"(5022, 5022)",0,50440968,252.20484,285.212672,0.0014387714400072582(0.0),0.0012936223999713548(0.0)
309,2 square 1,"(5022, 5022)",0,50440968,252.20484,285.212672,0.002420665070094401(0.0),0.0022448691200406758(0.0)
310,2 square 0,"(5066, 5066)",0,51328712,256.64356,287.309824,0.0014630172500619664(0.0),0.0013200695600244217(0.0)
311,2 square 1,"(5066, 5066)",0,51328712,256.64356,287.309824,0.002468817740009399(0.0),0.0022885262001364026(0.0)
312,2 square 0,"(5109, 5109)",0,52203762,261.01881,291.504128,0.0014874436901300215(0.0),0.0013420871600101237(0.0)
313,2 square 1,"(5109, 5109)",0,52203762,261.01881,291.504128,0.0025145333098771515(0.0),0.002321938829991268(0.0)
314,2 square 0,"(5152, 5152)",0,53086208,265.43104,297.795584,0.0015194592799525708(0.0),0.0013738749199546873(0.0)
315,2 square 1,"(5152, 5152)",0,53086208,265.43104,297.795584,0.0026606086900574154(0.0),0.0023716519499430433(0.0)
316,2 square 0,"(5194, 5194)",0,53955272,269.77636,299.892736,0.001549260579922702(0.0),0.0013987528100551571(0.0)
317,2 square 1,"(5194, 5194)",0,53955272,269.77636,299.892736,0.0026053449700702913(0.0),0.0024104629700013903(0.0)
318,2 square 0,"(5236, 5236)",0,54831392,274.15696,308.281344,0.001581187499978114(0.0),0.0014296572099556214(0.0)
319,2 square 1,"(5236, 5236)",0,54831392,274.15696,308.281344,0.00265617350989487(0.0),0.0024493255899869838(0.0)
320,2 square 0,"(5278, 5278)",0,55714568,278.57284,312.475648,0.0016148401799728164(0.0),0.0014582024299306794(0.0)
321,2 square 1,"(5278, 5278)",0,55714568,278.57284,312.475648,0.002703036940074526(0.0),0.0024878194200573488(0.0)
322,2 square 0,"(5320, 5320)",0,56604800,283.024,314.5728,0.0016478063499380368(0.0),0.0014964211400365457(0.0)
323,2 square 1,"(5320, 5320)",0,56604800,283.024,314.5728,0.0027489136200165376(0.0),0.0025292643200373276(0.0)
324,2 square 0,"(5361, 5361)",0,57480642,287.40321,320.864256,0.001684209029917838(0.0),0.0015343958900484722(0.0)
325,2 square 1,"(5361, 5361)",0,57480642,287.40321,320.864256,0.0027958210300130302(0.0),0.0025707317599153613(0.0)
326,2 square 0,"(5402, 5402)",0,58363208,291.81604,325.05856,0.001727494810038479(0.0),0.0015743711999675724(0.0)
327,2 square 1,"(5402, 5402)",0,58363208,291.81604,325.05856,0.0028445351700065657(0.0),0.002614307500043651(0.0)
328,2 square 0,"(5442, 5442)",0,59230728,296.15364,331.350016,0.0017816587300330867(0.0),0.0016084575999411755(0.0)
329,2 square 1,"(5442, 5442)",0,59230728,296.15364,331.350016,0.0028886188499745915(0.0),0.0026575725300062914(0.0)
330,2 square 0,"(5482, 5482)",0,60104648,300.52324,335.54432,0.0018258915000478736(0.0),0.0016555290299584157(0.0)
331,2 square 1,"(5482, 5482)",0,60104648,300.52324,335.54432,0.0029374237600131893(0.0),0.0027016836700204296(0.0)
332,2 square 0,"(5522, 5522)",0,60984968,304.92484,341.835776,0.001886580970021896(0.0),0.001723260709986789(0.0)
333,2 square 1,"(5522, 5522)",0,60984968,304.92484,341.835776,0.0029813482399913484(0.0),0.002744717669993406(0.0)
334,2 square 0,"(5562, 5562)",0,61871688,309.35844,346.03008,0.0019535003999772015(0.0),0.0017794867299380712(0.0)
335,2 square 1,"(5562, 5562)",0,61871688,309.35844,346.03008,0.003026616959978128(0.0),0.0027900762599892912(0.0)
336,2 square 0,"(5601, 5601)",0,62742402,313.71201,348.127232,0.0020245860000432003(0.0),0.0018438774799869862(0.0)
337,2 square 1,"(5601, 5601)",0,62742402,313.71201,348.127232,0.0030743811099091544(0.0),0.0028363453800557183(0.0)
338,2 square 0,"(5640, 5640)",0,63619200,318.096,356.51584,0.0020978143501270098(0.0),0.0019057048900867812(0.0)
339,2 square 1,"(5640, 5640)",0,63619200,318.096,356.51584,0.003120029540004907(0.0),0.0028821950900601223(0.0)
340,2 square 0,"(5679, 5679)",0,64502082,322.51041,360.710144,0.0021641872500185854(0.0),0.0019730455199896825(0.0)
341,2 square 1,"(5679, 5679)",0,64502082,322.51041,360.710144,0.003167253159917891(0.0),0.0029346372600411994(0.0)
342,2 square 0,"(5718, 5718)",0,65391048,326.95524,364.904448,0.0022409419500036163(0.0),0.002052750000002561(0.0)
343,2 square 1,"(5718, 5718)",0,65391048,326.95524,364.904448,0.003216192410036456(0.0),0.00298330210003769(0.0)
344,2 square 0,"(5756, 5756)",0,66263072,331.31536,369.098752,0.0023139782500220464(0.0),0.0021287030000530648(0.0)
345,2 square 1,"(5756, 5756)",0,66263072,331.31536,369.098752,0.0032596670399652793(0.0),0.003038729920081096(0.0)
346,2 square 0,"(5794, 5794)",0,67140872,335.70436,377.48736,0.0023884607599757145(0.0),0.0022131944200373256(0.0)
347,2 square 1,"(5794, 5794)",0,67140872,335.70436,377.48736,0.0033100559399463236(0.0),0.003087683810008457(0.0)
348,2 square 0,"(5832, 5832)",0,68024448,340.12224,379.584512,0.0024754121400474105(0.0),0.0022867448799661363(0.0)
349,2 square 1,"(5832, 5832)",0,68024448,340.12224,379.584512,0.0033573958699707872(0.0),0.0031183824001345785(0.0)
350,2 square 0,"(5869, 5869)",0,68890322,344.45161,383.778816,0.002552857240079902(0.0),0.0023599523800658063(0.0)
351,2 square 1,"(5869, 5869)",0,68890322,344.45161,383.778816,0.003403795329941204(0.0),0.0031631192199711223(0.0)
352,2 square 0,"(5907, 5907)",0,69785298,348.92649,390.070272,0.0026342833800299557(0.0),0.002436636169877602(0.0)
353,2 square 1,"(5907, 5907)",0,69785298,348.92649,390.070272,0.0034502319501189048(0.0),0.0032098387699807064(0.0)
354,2 square 0,"(5944, 5944)",0,70662272,353.31136,392.167424,0.002718330369971227(0.0),0.0025170913599140477(0.0)
355,2 square 1,"(5944, 5944)",0,70662272,353.31136,392.167424,0.003496662169927731(0.0),0.0032608259000699038(0.0)
356,2 square 0,"(5981, 5981)",0,71544722,357.72361,400.556032,0.002798669440089725(0.0),0.002594471850025002(0.0)
357,2 square 1,"(5981, 5981)",0,71544722,357.72361,400.556032,0.003546301549940836(0.0),0.003300389640062349(0.0)
358,2 square 0,"(6017, 6017)",0,72408578,362.04289,404.750336,0.0028784070900292136(0.0),0.0026708188898919615(0.0)
359,2 square 1,"(6017, 6017)",0,72408578,362.04289,404.750336,0.0035844021300727035(0.0),0.003350741769972956(0.0)
360,2 square 0,"(6054, 6054)",0,73301832,366.50916,406.847488,0.002959805360005703(0.0),0.00274748883995926(0.0)
361,2 square 1,"(6054, 6054)",0,73301832,366.50916,406.847488,0.003641054550098488(0.0),0.00341165384001215(0.0)
362,2 square 0,"(6090, 6090)",0,74176200,370.881,413.138944,0.0030380197400518227(0.0),0.0028214613899763207(0.0)
363,2 square 1,"(6090, 6090)",0,74176200,370.881,413.138944,0.003688327760028187(0.0),0.0034672293400217313(0.0)
364,2 square 0,"(6126, 6126)",0,75055752,375.27876,417.333248,0.00311124527011998(0.0),0.00289636409986997(0.0)
365,2 square 1,"(6126, 6126)",0,75055752,375.27876,417.333248,0.003735113849979825(0.0),0.003503419600019697(0.0)
366,2 square 0,"(6161, 6161)",0,75915842,379.57921,423.624704,0.003190035129955504(0.0),0.002982962100068107(0.0)
367,2 square 1,"(6161, 6161)",0,75915842,379.57921,423.624704,0.003778631760069402(0.0),0.003551743589923717(0.0)
368,2 square 0,"(6197, 6197)",0,76805618,384.02809,427.819008,0.003273583160043927(0.0),0.003055105300009018(0.0)
369,2 square 1,"(6197, 6197)",0,76805618,384.02809,427.819008,0.0038272172400320415(0.0),0.0036148420999234077(0.0)
370,2 square 0,"(6232, 6232)",0,77675648,388.37824,434.110464,0.0033493410999653863(0.0),0.0031380792398704215(0.0)
371,2 square 1,"(6232, 6232)",0,77675648,388.37824,434.110464,0.0038775677599187475(0.0),0.0036414256200077945(0.0)
372,2 square 0,"(6268, 6268)",0,78575648,392.87824,436.207616,0.00343343995991745(0.0),0.0032175584998913108(0.0)
373,2 square 1,"(6268, 6268)",0,78575648,392.87824,436.207616,0.003924510150100104(0.0),0.0036834299699694383(0.0)
374,2 square 0,"(6302, 6302)",0,79430408,397.15204,440.40192,0.0035158278199378403(0.0),0.0032894324901280923(0.0)
375,2 square 1,"(6302, 6302)",0,79430408,397.15204,440.40192,0.003971630059968447(0.0),0.0037490326999977696(0.0)
376,2 square 0,"(6337, 6337)",0,80315138,401.57569,448.790528,0.0036003266500483732(0.0),0.0033770624399767257(0.0)
377,2 square 1,"(6337, 6337)",0,80315138,401.57569,448.790528,0.004016151760006323(0.0),0.0038229397300165147(0.0)
378,2 square 0,"(6372, 6372)",0,81204768,406.02384,450.88768,0.003683294600050431(0.0),0.0034594962699338793(0.0)
379,2 square 1,"(6372, 6372)",0,81204768,406.02384,450.88768,0.004069701529951999(0.0),0.0038567506898834836(0.0)
380,2 square 0,"(6406, 6406)",0,82073672,410.36836,457.179136,0.003766900039918255(0.0),0.003541110759979347(0.0)
381,2 square 1,"(6406, 6406)",0,82073672,410.36836,457.179136,0.004110026390117127(0.0),0.003926098900119541(0.0)
382,2 square 0,"(6440, 6440)",0,82947200,414.736,461.37344,0.0038469323400931897(0.0),0.0036196116599603555(0.0)
383,2 square 1,"(6440, 6440)",0,82947200,414.736,461.37344,0.004161879160092212(0.0),0.00403986763994908(0.0)
384,2 square 0,"(6474, 6474)",0,83825352,419.12676,463.470592,0.003926949400047306(0.0),0.0036959375599690245(0.0)
385,2 square 1,"(6474, 6474)",0,83825352,419.12676,463.470592,0.004208985039877006(0.0),0.004026689829915994(0.0)
386,2 square 0,"(6508, 6508)",0,84708128,423.54064,471.8592,0.004007647840044228(0.0),0.0037566146800236313(0.0)
387,2 square 1,"(6508, 6508)",0,84708128,423.54064,471.8592,0.004258398179954384(0.0),0.004040540699934354(0.0)
388,2 square 0,"(6542, 6542)",0,85595528,427.97764,476.053504,0.004091537030035397(0.0),0.0038403931498760357(0.0)
389,2 square 1,"(6542, 6542)",0,85595528,427.97764,476.053504,0.004320941230107564(0.0),0.004086593179963529(0.0)
390,2 square 0,"(6575, 6575)",0,86461250,432.30625,480.247808,0.004165876570041292(0.0),0.003921675710007549(0.0)
391,2 square 1,"(6575, 6575)",0,86461250,432.30625,480.247808,0.00435752703997423(0.0),0.004122760409954935(0.0)
392,2 square 0,"(6609, 6609)",0,87357762,436.78881,484.442112,0.004248675400012871(0.0),0.004005324440076947(0.0)
393,2 square 1,"(6609, 6609)",0,87357762,436.78881,484.442112,0.004399781969987089(0.0),0.004202050400053849(0.0)
394,2 square 0,"(6642, 6642)",0,88232328,441.16164,492.83072,0.004328732729918556(0.0),0.0040910364600131284(0.0)
395,2 square 1,"(6642, 6642)",0,88232328,441.16164,492.83072,0.004448297519993503(0.0),0.00428345498003182(0.0)
396,2 square 0,"(6675, 6675)",0,89111250,445.55625,494.927872,0.004413612789940089(0.0),0.004166465650050668(0.0)
397,2 square 1,"(6675, 6675)",0,89111250,445.55625,494.927872,0.004496929290035041(0.0),0.004403321939898888(0.0)
398,2 square 0,"(6708, 6708)",0,89994528,449.97264,499.122176,0.004499559050018433(0.0),0.0042486044300312645(0.0)
399,2 square 1,"(6708, 6708)",0,89994528,449.97264,499.122176,0.0045461076901119665(0.0),0.004360619749932084(0.0)
400,4 square 0,"(1224, 1224)",0,2996352,14.98176,23.068672,0.0002347773600195069(0.0),0.00019210183003451676(0.0)
401,4 square 1,"(1224, 1224)",0,2996352,14.98176,23.068672,0.00015602547995513305(0.0),0.00010804401987115852(0.0)
402,4 square 0,"(1392, 1392)",0,3875328,19.37664,23.068672,0.00026551211994956246(0.0),0.0002211954000813421(0.0)
403,4 square 1,"(1392, 1392)",0,3875328,19.37664,23.068672,0.00018837217998225243(0.0),0.00014389256000868044(0.0)
404,4 square 0,"(1542, 1542)",0,4755528,23.77764,44.040192,0.0002788745699217543(0.0),0.00023686490007094108(0.0)
405,4 square 1,"(1542, 1542)",0,4755528,23.77764,44.040192,0.00022095605003414676(0.0),0.00017214311999850908(0.0)
406,4 square 0,"(1678, 1678)",0,5631368,28.15684,46.137344,0.00031429098002263347(0.0),0.0002750675700372085(0.0)
407,4 square 1,"(1678, 1678)",0,5631368,28.15684,46.137344,0.00026456713007064534(0.0),0.00022258743003476412(0.0)
408,4 square 0,"(1804, 1804)",0,6508832,32.54416,50.331648,0.000335971540043829(0.0),0.00029140985003323294(0.0)
409,4 square 1,"(1804, 1804)",0,6508832,32.54416,50.331648,0.00030863159001455644(0.0),0.0002586505499493796(0.0)
410,4 square 0,"(1922, 1922)",0,7388168,36.94084,54.525952,0.00036953585004084744(0.0),0.0003120999400562141(0.0)
411,4 square 1,"(1922, 1922)",0,7388168,36.94084,54.525952,0.0003628154599573463(0.0),0.0003167313900485169(0.0)
412,4 square 0,"(2033, 2033)",0,8266178,41.33089,56.623104,0.000394730549887754(0.0),0.00033445756998844444(0.0)
413,4 square 1,"(2033, 2033)",0,8266178,41.33089,56.623104,0.0004091483799857087(0.0),0.0003547189499658998(0.0)
414,4 square 0,"(2139, 2139)",0,9150642,45.75321,60.817408,0.0004182733199559152(0.0),0.0003558780500316061(0.0)
415,4 square 1,"(2139, 2139)",0,9150642,45.75321,60.817408,0.0004536011700110976(0.0),0.00039490477996878326(0.0)
416,4 square 0,"(2239, 2239)",0,10026242,50.13121,65.011712,0.00044772376990295017(0.0),0.00038138262010761536(0.0)
417,4 square 1,"(2239, 2239)",0,10026242,50.13121,65.011712,0.0004981731800944544(0.0),0.0004188314800558146(0.0)
418,4 square 0,"(2335, 2335)",0,10904450,54.52225,79.691776,0.00046281197006464936(0.0),0.0003948232199763879(0.0)
419,4 square 1,"(2335, 2335)",0,10904450,54.52225,79.691776,0.000537071470025694(0.0),0.00046232144988607617(0.0)
420,4 square 0,"(2427, 2427)",0,11780658,58.90329,83.88608,0.0004884669400053099(0.0),0.00042039022999233565(0.0)
421,4 square 1,"(2427, 2427)",0,11780658,58.90329,83.88608,0.0005816949700238183(0.0),0.000500951529975282(0.0)
422,4 square 0,"(2516, 2516)",0,12660512,63.30256,90.177536,0.0005070544499903917(0.0),0.0004346892499597743(0.0)
423,4 square 1,"(2516, 2516)",0,12660512,63.30256,90.177536,0.0006232602000818588(0.0),0.0005480949899356346(0.0)
424,4 square 0,"(2602, 2602)",0,13540808,67.70404,92.274688,0.0005315343099937308(0.0),0.00045657378010218965(0.0)
425,4 square 1,"(2602, 2602)",0,13540808,67.70404,92.274688,0.0006688149600813631(0.0),0.0006109970300167333(0.0)
426,4 square 0,"(2685, 2685)",0,14418450,72.09225,96.468992,0.0005764677999832202(0.0),0.0004766060299880337(0.0)
427,4 square 1,"(2685, 2685)",0,14418450,72.09225,96.468992,0.0007154812299995683(0.0),0.000650746019964572(0.0)
428,4 square 0,"(2766, 2766)",0,15301512,76.50756,102.760448,0.0005710454500513152(0.0),0.0004937610399792902(0.0)
429,4 square 1,"(2766, 2766)",0,15301512,76.50756,102.760448,0.0007589486500364728(0.0),0.000715231659996789(0.0)
430,4 square 0,"(2844, 2844)",0,16176672,80.88336,104.8576,0.0005967148499621544(0.0),0.0005175744299776852(0.0)
431,4 square 1,"(2844, 2844)",0,16176672,80.88336,104.8576,0.000806035309942672(0.0),0.0007541493800817989(0.0)
432,4 square 0,"(2920, 2920)",0,17052800,85.264,111.149056,0.0006153087799611967(0.0),0.0005342493300850037(0.0)
433,4 square 1,"(2920, 2920)",0,17052800,85.264,111.149056,0.0008533185299893375(0.0),0.0007743540599767585(0.0)
434,4 square 0,"(2994, 2994)",0,17928072,89.64036,115.34336,0.0006386085899430327(0.0),0.000556673690007301(0.0)
435,4 square 1,"(2994, 2994)",0,17928072,89.64036,115.34336,0.0008961938400170766(0.0),0.0008232627600955312(0.0)
436,4 square 0,"(3067, 3067)",0,18812978,94.06489,117.440512,0.0006591607200971339(0.0),0.0005736109000281431(0.0)
437,4 square 1,"(3067, 3067)",0,18812978,94.06489,117.440512,0.0009471468000265304(0.0),0.0008546985400607809(0.0)
438,4 square 0,"(3138, 3138)",0,19694088,98.47044,123.731968,0.0006818839500192553(0.0),0.0005952358500508126(0.0)
439,4 square 1,"(3138, 3138)",0,19694088,98.47044,123.731968,0.000991559209942352(0.0),0.000905684570025187(0.0)
440,4 square 0,"(3207, 3207)",0,20569698,102.84849,127.926272,0.0007014862800133415(0.0),0.0006139349800650961(0.0)
441,4 square 1,"(3207, 3207)",0,20569698,102.84849,127.926272,0.001044161290046759(0.0),0.0009474257299734745(0.0)
442,4 square 0,"(3275, 3275)",0,21451250,107.25625,132.120576,0.0007230327000434045(0.0),0.0006334391298878472(0.0)
443,4 square 1,"(3275, 3275)",0,21451250,107.25625,132.120576,0.0010935169299773407(0.0),0.0010088881400588433(0.0)
444,4 square 0,"(3341, 3341)",0,22324562,111.62281,136.31488,0.0007450684200739488(0.0),0.0006548518800991587(0.0)
445,4 square 1,"(3341, 3341)",0,22324562,111.62281,136.31488,0.0011397961700276937(0.0),0.0010439559000951703(0.0)
446,4 square 0,"(3406, 3406)",0,23201672,116.00836,142.606336,0.0007724480499746277(0.0),0.0006732862099306658(0.0)
447,4 square 1,"(3406, 3406)",0,23201672,116.00836,142.606336,0.001191024150029989(0.0),0.0010885937199054752(0.0)
448,4 square 0,"(3470, 3470)",0,24081800,120.409,144.703488,0.0007894408599531744(0.0),0.0006962085100531112(0.0)
449,4 square 1,"(3470, 3470)",0,24081800,120.409,144.703488,0.001236196289974032(0.0),0.0011375111500092317(0.0)
450,4 square 0,"(3533, 3533)",0,24964178,124.82089,148.897792,0.0008077388200035784(0.0),0.0007137056700594257(0.0)
451,4 square 1,"(3533, 3533)",0,24964178,124.82089,148.897792,0.0012885907800227869(0.0),0.0011942650598939508(0.0)
452,4 square 0,"(3595, 3595)",0,25848050,129.24025,155.189248,0.0008274015699862502(0.0),0.0007323602100950666(0.0)
453,4 square 1,"(3595, 3595)",0,25848050,129.24025,155.189248,0.0013435034100257326(0.0),0.0012448853999376297(0.0)
454,4 square 0,"(3655, 3655)",0,26718050,133.59025,157.2864,0.0008524617200600915(0.0),0.000756843370036222(0.0)
455,4 square 1,"(3655, 3655)",0,26718050,133.59025,157.2864,0.001391983009962132(0.0),0.0013303567700495478(0.0)
456,4 square 0,"(3715, 3715)",0,27602450,138.01225,163.577856,0.0008738003300095443(0.0),0.0007758442701015156(0.0)
457,4 square 1,"(3715, 3715)",0,27602450,138.01225,163.577856,0.0014373314699332696(0.0),0.0013477172699640505(0.0)
458,4 square 0,"(3773, 3773)",0,28471058,142.35529,167.77216,0.0008951991499634459(0.0),0.0007968372201139573(0.0)
459,4 square 1,"(3773, 3773)",0,28471058,142.35529,167.77216,0.00149317688003066(0.0),0.0013930984100443311(0.0)
460,4 square 0,"(3831, 3831)",0,29353122,146.76561,169.869312,0.0009151802999258507(0.0),0.0008154977799858898(0.0)
461,4 square 1,"(3831, 3831)",0,29353122,146.76561,169.869312,0.0015427287900820375(0.0),0.001473724130046321(0.0)
462,4 square 0,"(3888, 3888)",0,30233088,151.16544,176.160768,0.0009393360400281381(0.0),0.0008372701099142433(0.0)
463,4 square 1,"(3888, 3888)",0,30233088,151.16544,176.160768,0.0015977933300018775(0.0),0.0015219939200324007(0.0)
464,4 square 0,"(3944, 3944)",0,31110272,155.55136,180.355072,0.0009589291500742547(0.0),0.0008565217799332459(0.0)
465,4 square 1,"(3944, 3944)",0,31110272,155.55136,180.355072,0.0016494406999845524(0.0),0.0015690643500420264(0.0)
466,4 square 0,"(4000, 4000)",0,32000000,160.0,186.646528,0.0009808738098945468(0.0),0.0008768800400139298(0.0)
467,4 square 1,"(4000, 4000)",0,32000000,160.0,186.646528,0.0016958524800429586(0.0),0.0016503744699002708(0.0)
468,4 square 0,"(4054, 4054)",0,32869832,164.34916,188.74368,0.0010021078299905638(0.0),0.0008975773499696516(0.0)
469,4 square 1,"(4054, 4054)",0,32869832,164.34916,188.74368,0.001750473379943287(0.0),0.001697578839957714(0.0)
470,4 square 0,"(4108, 4108)",0,33751328,168.75664,195.035136,0.0010202971901162527(0.0),0.0009144836899940855(0.0)
471,4 square 1,"(4108, 4108)",0,33751328,168.75664,195.035136,0.0018048385799920652(0.0),0.0017337813400081358(0.0)
472,4 square 0,"(4161, 4161)",0,34627842,173.13921,199.22944,0.0010475888500513974(0.0),0.0009381283499533311(0.0)
473,4 square 1,"(4161, 4161)",0,34627842,173.13921,199.22944,0.001860002089961199(0.0),0.001832200969947735(0.0)
474,4 square 0,"(4213, 4213)",0,35498738,177.49369,201.326592,0.0010676075700030195(0.0),0.0009575676800159271(0.0)
475,4 square 1,"(4213, 4213)",0,35498738,177.49369,201.326592,0.0019113702399772591(0.0),0.0018684960399696139(0.0)
476,4 square 0,"(4265, 4265)",0,36380450,181.90225,207.618048,0.0010908815400034655(0.0),0.0009840731500298716(0.0)
477,4 square 1,"(4265, 4265)",0,36380450,181.90225,207.618048,0.002168348139966838(0.0),0.001893823690043064(0.0)
478,4 square 0,"(4316, 4316)",0,37255712,186.27856,211.812352,0.0011118270200677217(0.0),0.0009977712300315033(0.0)
479,4 square 1,"(4316, 4316)",0,37255712,186.27856,211.812352,0.0020158965099835767(0.0),0.001949584039975889(0.0)
480,4 square 0,"(4367, 4367)",0,38141378,190.70689,216.006656,0.001133152889960911(0.0),0.001017564319918165(0.0)
481,4 square 1,"(4367, 4367)",0,38141378,190.70689,216.006656,0.002072282150038518(0.0),0.002017727769998601(0.0)
482,4 square 0,"(4417, 4417)",0,39019778,195.09889,220.20096,0.001155951270047808(0.0),0.0010375394600850997(0.0)
483,4 square 1,"(4417, 4417)",0,39019778,195.09889,220.20096,0.0021273960600956343(0.0),0.0020257453199883455(0.0)
484,4 square 0,"(4467, 4467)",0,39908178,199.54089,226.492416,0.0011789855900860857(0.0),0.0010590031099854968(0.0)
485,4 square 1,"(4467, 4467)",0,39908178,199.54089,226.492416,0.0021822079100820703(0.0),0.002078903549991082(0.0)
486,4 square 0,"(4515, 4515)",0,40770450,203.85225,228.589568,0.001199824159994023(0.0),0.0010784246999537572(0.0)
487,4 square 1,"(4515, 4515)",0,40770450,203.85225,228.589568,0.002236666100070579(0.0),0.0021964463099720887(0.0)
488,4 square 0,"(4564, 4564)",0,41660192,208.30096,232.783872,0.0012231860899191815(0.0),0.0010989754300680943(0.0)
489,4 square 1,"(4564, 4564)",0,41660192,208.30096,232.783872,0.002296549530001357(0.0),0.0021679616899928076(0.0)
490,4 square 0,"(4612, 4612)",0,42541088,212.70544,230.68672,0.0012518693800666369(0.0),0.0011250696300703566(0.0)
491,4 square 1,"(4612, 4612)",0,42541088,212.70544,230.68672,0.002348263220046647(0.0),0.0022363204399880486(0.0)
492,4 square 0,"(4659, 4659)",0,43412562,217.06281,232.783872,0.0012660454500291961(0.0),0.001138967379956739(0.0)
493,4 square 1,"(4659, 4659)",0,43412562,217.06281,232.783872,0.0024063185999693816(0.0),0.0023068424699886235(0.0)
494,4 square 0,"(4706, 4706)",0,44292872,221.46436,239.075328,0.0012898956199933309(0.0),0.0011590428100316786(0.0)
495,4 square 1,"(4706, 4706)",0,44292872,221.46436,239.075328,0.0024709734399220905(0.0),0.00235114697003155(0.0)
496,4 square 0,"(4752, 4752)",0,45163008,225.81504,243.269632,0.0013098091399297118(0.0),0.0011778250899806154(0.0)
497,4 square 1,"(4752, 4752)",0,45163008,225.81504,243.269632,0.0025166207899746953(0.0),0.0023713495300034994(0.0)
498,4 square 0,"(4798, 4798)",0,46041608,230.20804,245.366784,0.0013327890499203931(0.0),0.0012002509599551559(0.0)
499,4 square 1,"(4798, 4798)",0,46041608,230.20804,245.366784,0.0025720900700252967(0.0),0.002421554679895053(0.0)
500,4 square 0,"(4844, 4844)",0,46928672,234.64336,251.65824,0.0013548992200230715(0.0),0.0012194678500236477(0.0)
501,4 square 1,"(4844, 4844)",0,46928672,234.64336,251.65824,0.0026333958900067954(0.0),0.002502749679988483(0.0)
502,4 square 0,"(4889, 4889)",0,47804642,239.02321,255.852544,0.001378784040134633(0.0),0.0012391334099811503(0.0)
503,4 square 1,"(4889, 4889)",0,47804642,239.02321,255.852544,0.002688960269879317(0.0),0.0025402418099110947(0.0)
504,4 square 0,"(4934, 4934)",0,48688712,243.44356,260.046848,0.0013998136699956377(0.0),0.001259987800003728(0.0)
505,4 square 1,"(4934, 4934)",0,48688712,243.44356,260.046848,0.002734782430052292(0.0),0.002604915989941219(0.0)
506,4 square 0,"(4978, 4978)",0,49560968,247.80484,264.241152,0.0014215176700963638(0.0),0.0012798783800099045(0.0)
507,4 square 1,"(4978, 4978)",0,49560968,247.80484,264.241152,0.0028044140800193417(0.0),0.0026523292499769013(0.0)
508,4 square 0,"(5022, 5022)",0,50440968,252.20484,272.62976,0.0014449742800206878(0.0),0.0013020868400053587(0.0)
509,4 square 1,"(5022, 5022)",0,50440968,252.20484,272.62976,0.002854052250040695(0.0),0.00271784412994748(0.0)
510,4 square 0,"(5066, 5066)",0,51328712,256.64356,274.726912,0.0014657586500106845(0.0),0.001320489700010512(0.0)
511,4 square 1,"(5066, 5066)",0,51328712,256.64356,274.726912,0.0029108911199728026(0.0),0.0027895796499797145(0.0)
512,4 square 0,"(5109, 5109)",0,52203762,261.01881,278.921216,0.001484473699965747(0.0),0.0013378673300030641(0.0)
513,4 square 1,"(5109, 5109)",0,52203762,261.01881,278.921216,0.0029725458100438116(0.0),0.002823974719940452(0.0)
514,4 square 0,"(5152, 5152)",0,53086208,265.43104,285.212672,0.0015095074000419117(0.0),0.0013611686599324458(0.0)
515,4 square 1,"(5152, 5152)",0,53086208,265.43104,285.212672,0.0030291953300184103(0.0),0.0028800160900573244(0.0)
516,4 square 0,"(5194, 5194)",0,53955272,269.77636,287.309824,0.0015330104999884497(0.0),0.0013824471599946265(0.0)
517,4 square 1,"(5194, 5194)",0,53955272,269.77636,287.309824,0.003082476690033218(0.0),0.0029333857199526393(0.0)
518,4 square 0,"(5236, 5236)",0,54831392,274.15696,293.60128,0.00155488261996652(0.0),0.0014024078600050416(0.0)
519,4 square 1,"(5236, 5236)",0,54831392,274.15696,293.60128,0.0031454997500986793(0.0),0.0030031356899417007(0.0)
520,4 square 0,"(5278, 5278)",0,55714568,278.57284,297.795584,0.001577046180027537(0.0),0.0014237169199623168(0.0)
521,4 square 1,"(5278, 5278)",0,55714568,278.57284,297.795584,0.0031989916000748054(0.0),0.003047047550062416(0.0)
522,4 square 0,"(5320, 5320)",0,56604800,283.024,299.892736,0.0016004952900402713(0.0),0.0014437004699721(0.0)
523,4 square 1,"(5320, 5320)",0,56604800,283.024,299.892736,0.0032576881900604347(0.0),0.003104243999987375(0.0)
524,4 square 0,"(5361, 5361)",0,57480642,287.40321,306.184192,0.0016214673100330402(0.0),0.001463781099882908(0.0)
525,4 square 1,"(5361, 5361)",0,57480642,287.40321,306.184192,0.003321610150014749(0.0),0.003186675920005655(0.0)
526,4 square 0,"(5402, 5402)",0,58363208,291.81604,310.378496,0.0016451421300007496(0.0),0.0014861088899488096(0.0)
527,4 square 1,"(5402, 5402)",0,58363208,291.81604,310.378496,0.003378424179973081(0.0),0.003342357039946364(0.0)
528,4 square 0,"(5442, 5442)",0,59230728,296.15364,316.669952,0.0016670393000822515(0.0),0.0015050279200659134(0.0)
529,4 square 1,"(5442, 5442)",0,59230728,296.15364,316.669952,0.00343270843004575(0.0),0.0034555644099600615(0.0)
530,4 square 0,"(5482, 5482)",0,60104648,300.52324,320.864256,0.001689617950032698(0.0),0.001524739460001001(0.0)
531,4 square 1,"(5482, 5482)",0,60104648,300.52324,320.864256,0.003493761470017489(0.0),0.0034823526100080924(0.0)
532,4 square 0,"(5522, 5522)",0,60984968,304.92484,327.155712,0.0017124853499990423(0.0),0.001546497770032147(0.0)
533,4 square 1,"(5522, 5522)",0,60984968,304.92484,327.155712,0.003549631719943136(0.0),0.0034630546500557103(0.0)
534,4 square 0,"(5562, 5562)",0,61871688,309.35844,331.350016,0.0017351040799985639(0.0),0.001566421810130123(0.0)
535,4 square 1,"(5562, 5562)",0,61871688,309.35844,331.350016,0.0036082679900573565(0.0),0.0034529460499470588(0.0)
536,4 square 0,"(5601, 5601)",0,62742402,313.71201,333.447168,0.0017571770799986552(0.0),0.0015865073500026484(0.0)
537,4 square 1,"(5601, 5601)",0,62742402,313.71201,333.447168,0.003663789769925643(0.0),0.0035184135199233424(0.0)
538,4 square 0,"(5640, 5640)",0,63619200,318.096,339.738624,0.0017758477499592118(0.0),0.0016058732400415466(0.0)
539,4 square 1,"(5640, 5640)",0,63619200,318.096,339.738624,0.003731712989974767(0.0),0.0035817335500905757(0.0)
540,4 square 0,"(5679, 5679)",0,64502082,322.51041,343.932928,0.0018026438700326252(0.0),0.0016281834899564273(0.0)
541,4 square 1,"(5679, 5679)",0,64502082,322.51041,343.932928,0.003782701619929867(0.0),0.0036059231399849525(0.0)
542,4 square 0,"(5718, 5718)",0,65391048,326.95524,348.127232,0.0018243942600383888(0.0),0.0016486436399281957(0.0)
543,4 square 1,"(5718, 5718)",0,65391048,326.95524,348.127232,0.003843701250007143(0.0),0.003678917840006761(0.0)
544,4 square 0,"(5756, 5756)",0,66263072,331.31536,352.321536,0.0018489688899717294(0.0),0.001670555019954918(0.0)
545,4 square 1,"(5756, 5756)",0,66263072,331.31536,352.321536,0.003902793180022854(0.0),0.00374490699992748(0.0)
546,4 square 0,"(5794, 5794)",0,67140872,335.70436,360.710144,0.0018702770299569237(0.0),0.0016896502999588848(0.0)
547,4 square 1,"(5794, 5794)",0,67140872,335.70436,360.710144,0.003961390189942904(0.0),0.00382220352999866(0.0)
548,4 square 0,"(5832, 5832)",0,68024448,340.12224,362.807296,0.0018924353900365532(0.0),0.001710895730066113(0.0)
549,4 square 1,"(5832, 5832)",0,68024448,340.12224,362.807296,0.004020781880099094(0.0),0.0038404916699801106(0.0)
550,4 square 0,"(5869, 5869)",0,68890322,344.45161,367.0016,0.0019131507400015834(0.0),0.001732498249912169(0.0)
551,4 square 1,"(5869, 5869)",0,68890322,344.45161,367.0016,0.0040783544500300195(0.0),0.003915052430093055(0.0)
552,4 square 0,"(5907, 5907)",0,69785298,348.92649,373.293056,0.0019363506601075642(0.0),0.0017524021500139497(0.0)
553,4 square 1,"(5907, 5907)",0,69785298,348.92649,373.293056,0.004137552869942738(0.0),0.003969422949885484(0.0)
554,4 square 0,"(5944, 5944)",0,70662272,353.31136,375.390208,0.002035318230045959(0.0),0.0017732804801198654(0.0)
555,4 square 1,"(5944, 5944)",0,70662272,353.31136,375.390208,0.0041991758899530395(0.0),0.004007785299909301(0.0)
556,4 square 0,"(5981, 5981)",0,71544722,357.72361,381.681664,0.001981093479989795(0.0),0.0017951394799456467(0.0)
557,4 square 1,"(5981, 5981)",0,71544722,357.72361,381.681664,0.0042584121799154676(0.0),0.004075393530074507(0.0)
558,4 square 0,"(6017, 6017)",0,72408578,362.04289,385.875968,0.0020039017699309625(0.0),0.0018142221300513483(0.0)
559,4 square 1,"(6017, 6017)",0,72408578,362.04289,385.875968,0.004307982829923276(0.0),0.004121928940003272(0.0)
560,4 square 0,"(6054, 6054)",0,73301832,366.50916,387.97312,0.0020284743799129502(0.0),0.0018366142199374735(0.0)
561,4 square 1,"(6054, 6054)",0,73301832,366.50916,387.97312,0.0043796172599832065(0.0),0.0041930284599948206(0.0)
562,4 square 0,"(6090, 6090)",0,74176200,370.881,394.264576,0.0020494772600068243(0.0),0.0018575302399403881(0.0)
563,4 square 1,"(6090, 6090)",0,74176200,370.881,394.264576,0.004441111639898736(0.0),0.004263169559999369(0.0)
564,4 square 0,"(6126, 6126)",0,75055752,375.27876,398.45888,0.0020828094299940856(0.0),0.0018732508301036433(0.0)
565,4 square 1,"(6126, 6126)",0,75055752,375.27876,398.45888,0.004495217640069314(0.0),0.004305454239947722(0.0)
566,4 square 0,"(6161, 6161)",0,75915842,379.57921,404.750336,0.002090590930019971(0.0),0.0018946928399964237(0.0)
567,4 square 1,"(6161, 6161)",0,75915842,379.57921,404.750336,0.004555710420099786(0.0),0.004355695140111493(0.0)
568,4 square 0,"(6197, 6197)",0,76805618,384.02809,408.94464,0.0021175540701369754(0.0),0.0019193664599151817(0.0)
569,4 square 1,"(6197, 6197)",0,76805618,384.02809,408.94464,0.0046198916500725315(0.0),0.004438359909981955(0.0)
570,4 square 0,"(6232, 6232)",0,77675648,388.37824,415.236096,0.0021483596600592137(0.0),0.0019405497700790875(0.0)
571,4 square 1,"(6232, 6232)",0,77675648,388.37824,415.236096,0.004679674289945979(0.0),0.004465595259971451(0.0)
572,4 square 0,"(6268, 6268)",0,78575648,392.87824,417.333248,0.0021613487000286115(0.0),0.001962165599979926(0.0)
573,4 square 1,"(6268, 6268)",0,78575648,392.87824,417.333248,0.004739258950139629(0.0),0.0045001364000199825(0.0)
574,4 square 0,"(6302, 6302)",0,79430408,397.15204,421.527552,0.0021857612101302947(0.0),0.001982382290007081(0.0)
575,4 square 1,"(6302, 6302)",0,79430408,397.15204,421.527552,0.004801495429856004(0.0),0.0046116738099954094(0.0)
576,4 square 0,"(6337, 6337)",0,80315138,401.57569,427.819008,0.0022087502399517687(0.0),0.002006701240024995(0.0)
577,4 square 1,"(6337, 6337)",0,80315138,401.57569,427.819008,0.004862655570032075(0.0),0.0047119493399804925(0.0)
578,4 square 0,"(6372, 6372)",0,81204768,406.02384,429.91616,0.002230899480055086(0.0),0.002025627289986005(0.0)
579,4 square 1,"(6372, 6372)",0,81204768,406.02384,429.91616,0.004916982389986515(0.0),0.004737105859967414(0.0)
580,4 square 0,"(6406, 6406)",0,82073672,410.36836,436.207616,0.002254272639984265(0.0),0.0020474431999900843(0.0)
581,4 square 1,"(6406, 6406)",0,82073672,410.36836,436.207616,0.004990686019882559(0.0),0.004841256509971572(0.0)
582,4 square 0,"(6440, 6440)",0,82947200,414.736,440.40192,0.0022779639900545588(0.0),0.002069623900024453(0.0)
583,4 square 1,"(6440, 6440)",0,82947200,414.736,440.40192,0.0050389982800697905(0.0),0.005024546880013077(0.0)
584,4 square 0,"(6474, 6474)",0,83825352,419.12676,442.499072,0.0023018189500726293(0.0),0.0020916088300873526(0.0)
585,4 square 1,"(6474, 6474)",0,83825352,419.12676,442.499072,0.005106532659992808(0.0),0.004961228260071948(0.0)
586,4 square 0,"(6508, 6508)",0,84708128,423.54064,450.88768,0.002324464630073635(0.0),0.0021131735599192324(0.0)
587,4 square 1,"(6508, 6508)",0,84708128,423.54064,450.88768,0.005165862840076443(0.0),0.004981576900026994(0.0)
588,4 square 0,"(6542, 6542)",0,85595528,427.97764,455.081984,0.0023488243500469253(0.0),0.0021372496399271767(0.0)
589,4 square 1,"(6542, 6542)",0,85595528,427.97764,455.081984,0.005231744900083868(0.0),0.005022905459918547(0.0)
590,4 square 0,"(6575, 6575)",0,86461250,432.30625,459.276288,0.0023726795100083107(0.0),0.002157527050003409(0.0)
591,4 square 1,"(6575, 6575)",0,86461250,432.30625,459.276288,0.005289965169940842(0.0),0.005074163489916827(0.0)
592,4 square 0,"(6609, 6609)",0,87357762,436.78881,463.470592,0.0023974455999268684(0.0),0.0021814559599442874(0.0)
593,4 square 1,"(6609, 6609)",0,87357762,436.78881,463.470592,0.005351838560018223(0.0),0.005230687280127313(0.0)
594,4 square 0,"(6642, 6642)",0,88232328,441.16164,469.762048,0.0024178926199965645(0.0),0.0021995855000568553(0.0)
595,4 square 1,"(6642, 6642)",0,88232328,441.16164,469.762048,0.005415690080117202(0.0),0.0053644901599909645(0.0)
596,4 square 0,"(6675, 6675)",0,89111250,445.55625,471.8592,0.002442305739969015(0.0),0.00222231802996248(0.0)
597,4 square 1,"(6675, 6675)",0,89111250,445.55625,471.8592,0.005475640130025567(0.0),0.005549308889894747(0.0)
598,4 square 0,"(6708, 6708)",0,89994528,449.97264,476.053504,0.002470928599941544(0.0),0.0022498392399575096(0.0)
599,4 square 1,"(6708, 6708)",0,89994528,449.97264,476.053504,0.005555011050018948(0.0),0.005470832830033032(0.0)
600,8 square 0,"(1224, 1224)",0,2996352,14.98176,23.068672,0.00032108619008795357(0.0),0.0003167003999988083(0.0)
601,8 square 1,"(1224, 1224)",0,2996352,14.98176,23.068672,0.0001850681299401913(0.0),0.0001296178699703887(0.0)
602,8 square 0,"(1392, 1392)",0,3875328,19.37664,23.068672,0.0003738500700274017(0.0),0.00033330607009702363(0.0)
603,8 square 1,"(1392, 1392)",0,3875328,19.37664,23.068672,0.0002271858000312932(0.0),0.00017671253997832536(0.0)
604,8 square 0,"(1542, 1542)",0,4755528,23.77764,44.040192,0.0003813790901040193(0.0),0.000342077739915112(0.0)
605,8 square 1,"(1542, 1542)",0,4755528,23.77764,44.040192,0.0002632887999061495(0.0),0.00020572826004354284(0.0)
606,8 square 0,"(1678, 1678)",0,5631368,28.15684,46.137344,0.0004246314099873416(0.0),0.0003864490600244608(0.0)
607,8 square 1,"(1678, 1678)",0,5631368,28.15684,46.137344,0.0003224458599288482(0.0),0.0002678525100054685(0.0)
608,8 square 0,"(1804, 1804)",0,6508832,32.54416,50.331648,0.0004505753199919127(0.0),0.0004067036299966276(0.0)
609,8 square 1,"(1804, 1804)",0,6508832,32.54416,50.331648,0.00037426946000778115(0.0),0.0003056325900251977(0.0)
610,8 square 0,"(1922, 1922)",0,7388168,36.94084,54.525952,0.0004832311099744402(0.0),0.0004364134599745739(0.0)
611,8 square 1,"(1922, 1922)",0,7388168,36.94084,54.525952,0.00042657407000660895(0.0),0.00036700033000670374(0.0)
612,8 square 0,"(2033, 2033)",0,8266178,41.33089,56.623104,0.0005125622201012448(0.0),0.0004548884600808378(0.0)
613,8 square 1,"(2033, 2033)",0,8266178,41.33089,56.623104,0.0004874819300312083(0.0),0.00041298349999124184(0.0)
614,8 square 0,"(2139, 2139)",0,9150642,45.75321,60.817408,0.0005409500400128308(0.0),0.0004766574800305534(0.0)
615,8 square 1,"(2139, 2139)",0,9150642,45.75321,60.817408,0.0005396279499109369(0.0),0.00045638739989954045(0.0)
616,8 square 0,"(2239, 2239)",0,10026242,50.13121,65.011712,0.0005683759599924088(0.0),0.0005064843299624045(0.0)
617,8 square 1,"(2239, 2239)",0,10026242,50.13121,65.011712,0.0006098937999922782(0.0),0.00048577199995634144(0.0)
618,8 square 0,"(2335, 2335)",0,10904450,54.52225,58.720256,0.0005922549699607771(0.0),0.0005198259399912786(0.0)
619,8 square 1,"(2335, 2335)",0,10904450,54.52225,58.720256,0.0006521115500072483(0.0),0.000538331090065185(0.0)
620,8 square 0,"(2427, 2427)",0,11780658,58.90329,83.88608,0.0006112708000000567(0.0),0.0005441457800043282(0.0)
621,8 square 1,"(2427, 2427)",0,11780658,58.90329,83.88608,0.0007070741700590588(0.0),0.0005827564299397636(0.0)
622,8 square 0,"(2516, 2516)",0,12660512,63.30256,69.206016,0.0006400844299059827(0.0),0.0005566324699611869(0.0)
623,8 square 1,"(2516, 2516)",0,12660512,63.30256,69.206016,0.0007558372100174893(0.0),0.0006364185998972971(0.0)
624,8 square 0,"(2602, 2602)",0,13540808,67.70404,92.274688,0.0006552991700300481(0.0),0.0005844979200628586(0.0)
625,8 square 1,"(2602, 2602)",0,13540808,67.70404,92.274688,0.0008004223300667945(0.0),0.000707297600019956(0.0)
626,8 square 0,"(2685, 2685)",0,14418450,72.09225,96.468992,0.0006824180000694469(0.0),0.0006110438601172063(0.0)
627,8 square 1,"(2685, 2685)",0,14418450,72.09225,96.468992,0.0008610993600450456(0.0),0.0007605201499245595(0.0)
628,8 square 0,"(2766, 2766)",0,15301512,76.50756,102.760448,0.0006998771800135728(0.0),0.0006265692900342401(0.0)
629,8 square 1,"(2766, 2766)",0,15301512,76.50756,102.760448,0.0009214500700181816(0.0),0.0008260569600679446(0.0)
630,8 square 0,"(2844, 2844)",0,16176672,80.88336,104.8576,0.0007294382400868926(0.0),0.0006527544600248802(0.0)
631,8 square 1,"(2844, 2844)",0,16176672,80.88336,104.8576,0.0009795472399855498(0.0),0.0008674217000952922(0.0)
632,8 square 0,"(2920, 2920)",0,17052800,85.264,111.149056,0.0007472302399401088(0.0),0.0006686273399100173(0.0)
633,8 square 1,"(2920, 2920)",0,17052800,85.264,111.149056,0.0010314321500482038(0.0),0.0008867253801145126(0.0)
634,8 square 0,"(2994, 2994)",0,17928072,89.64036,115.34336,0.0007748272799653933(0.0),0.0006947298599698116(0.0)
635,8 square 1,"(2994, 2994)",0,17928072,89.64036,115.34336,0.0010905642599391286(0.0),0.0009386944500147365(0.0)
636,8 square 0,"(3067, 3067)",0,18812978,94.06489,117.440512,0.0007924913399619982(0.0),0.0007095023599686101(0.0)
637,8 square 1,"(3067, 3067)",0,18812978,94.06489,117.440512,0.0011378373600018676(0.0),0.0009740804000466596(0.0)
638,8 square 0,"(3138, 3138)",0,19694088,98.47044,123.731968,0.0008166742300090846(0.0),0.0007326113199815154(0.0)
639,8 square 1,"(3138, 3138)",0,19694088,98.47044,123.731968,0.0011925220700504725(0.0),0.0010543637599039358(0.0)
640,8 square 0,"(3207, 3207)",0,20569698,102.84849,127.926272,0.000835643659956986(0.0),0.0007505980999849271(0.0)
641,8 square 1,"(3207, 3207)",0,20569698,102.84849,127.926272,0.0012508375399920624(0.0),0.00109118603009847(0.0)
642,8 square 0,"(3275, 3275)",0,21451250,107.25625,132.120576,0.0008566032600356265(0.0),0.0007697872500284575(0.0)
643,8 square 1,"(3275, 3275)",0,21451250,107.25625,132.120576,0.0013191451800230426(0.0),0.0011825242798659018(0.0)
644,8 square 0,"(3341, 3341)",0,22324562,111.62281,136.31488,0.0008831823800574057(0.0),0.0007932762301061302(0.0)
645,8 square 1,"(3341, 3341)",0,22324562,111.62281,136.31488,0.0013856330899579916(0.0),0.0012109104100090917(0.0)
646,8 square 0,"(3406, 3406)",0,23201672,116.00836,142.606336,0.0009003813599701971(0.0),0.0008111948799341917(0.0)
647,8 square 1,"(3406, 3406)",0,23201672,116.00836,142.606336,0.0014365390600869431(0.0),0.0012497660100052599(0.0)
648,8 square 0,"(3470, 3470)",0,24081800,120.409,144.703488,0.0009232015699672047(0.0),0.0008318446899647825(0.0)
649,8 square 1,"(3470, 3470)",0,24081800,120.409,144.703488,0.0014887765400635545(0.0),0.0013072536099934951(0.0)
650,8 square 0,"(3533, 3533)",0,24964178,124.82089,148.897792,0.0009463272700668313(0.0),0.0008523142599733547(0.0)
651,8 square 1,"(3533, 3533)",0,24964178,124.82089,148.897792,0.0015528079100477043(0.0),0.001382683720003115(0.0)
652,8 square 0,"(3595, 3595)",0,25848050,129.24025,155.189248,0.0009604081600264181(0.0),0.0008649718700326047(0.0)
653,8 square 1,"(3595, 3595)",0,25848050,129.24025,155.189248,0.001615142959926743(0.0),0.0014338629000121728(0.0)
654,8 square 0,"(3655, 3655)",0,26718050,133.59025,157.2864,0.0009899399599817115(0.0),0.0008938482200028375(0.0)
655,8 square 1,"(3655, 3655)",0,26718050,133.59025,157.2864,0.0016814221799722872(0.0),0.0015122161300678272(0.0)
656,8 square 0,"(3715, 3715)",0,27602450,138.01225,163.577856,0.0010101996299636084(0.0),0.0009124234200862702(0.0)
657,8 square 1,"(3715, 3715)",0,27602450,138.01225,163.577856,0.0017381046600348782(0.0),0.0015297580500191544(0.0)
658,8 square 0,"(3773, 3773)",0,28471058,142.35529,167.77216,0.0010336515300150494(0.0),0.0009360968400142156(0.0)
659,8 square 1,"(3773, 3773)",0,28471058,142.35529,167.77216,0.0018017214399878867(0.0),0.0015733835799619554(0.0)
660,8 square 0,"(3831, 3831)",0,29353122,146.76561,169.869312,0.0010493944700283465(0.0),0.0009487413198803552(0.0)
661,8 square 1,"(3831, 3831)",0,29353122,146.76561,169.869312,0.001857431779935723(0.0),0.001667919869942125(0.0)
662,8 square 0,"(3888, 3888)",0,30233088,151.16544,176.160768,0.0010770392999984325(0.0),0.0009750872899894603(0.0)
663,8 square 1,"(3888, 3888)",0,30233088,151.16544,176.160768,0.0019193627699860371(0.0),0.0017477546900045127(0.0)
664,8 square 0,"(3944, 3944)",0,31110272,155.55136,180.355072,0.0010950293800851797(0.0),0.0009919203000026756(0.0)
665,8 square 1,"(3944, 3944)",0,31110272,155.55136,180.355072,0.0019876040899544025(0.0),0.0018059958099911455(0.0)
666,8 square 0,"(4000, 4000)",0,32000000,160.0,186.646528,0.001118541399919195(0.0),0.0010131035099038854(0.0)
667,8 square 1,"(4000, 4000)",0,32000000,160.0,186.646528,0.0020594382000854237(0.0),0.0018978696799604221(0.0)
668,8 square 0,"(4054, 4054)",0,32869832,164.34916,188.74368,0.001140623319952283(0.0),0.0010342642800242174(0.0)
669,8 square 1,"(4054, 4054)",0,32869832,164.34916,188.74368,0.002130810739909066(0.0),0.00199540943998727(0.0)
670,8 square 0,"(4108, 4108)",0,33751328,168.75664,195.035136,0.0011562351101019885(0.0),0.0010491845800424927(0.0)
671,8 square 1,"(4108, 4108)",0,33751328,168.75664,195.035136,0.002175799530086806(0.0),0.0020478571200510487(0.0)
672,8 square 0,"(4161, 4161)",0,34627842,173.13921,199.22944,0.0011829435599793215(0.0),0.0010739375300181564(0.0)
673,8 square 1,"(4161, 4161)",0,34627842,173.13921,199.22944,0.0022475099899747874(0.0),0.002090273349895142(0.0)
674,8 square 0,"(4213, 4213)",0,35498738,177.49369,201.326592,0.0012051613299991005(0.0),0.001094752960052574(0.0)
675,8 square 1,"(4213, 4213)",0,35498738,177.49369,201.326592,0.0023087374700116927(0.0),0.002142804679897381(0.0)
676,8 square 0,"(4265, 4265)",0,36380450,181.90225,207.618048,0.0012249442099709995(0.0),0.0011132261600869241(0.0)
677,8 square 1,"(4265, 4265)",0,36380450,181.90225,207.618048,0.0023838724099914544(0.0),0.0022349582798779012(0.0)
678,8 square 0,"(4316, 4316)",0,37255712,186.27856,211.812352,0.0012461191200418397(0.0),0.001133057609986281(0.0)
679,8 square 1,"(4316, 4316)",0,37255712,186.27856,211.812352,0.0024669321200053674(0.0),0.0022599119099322705(0.0)
680,8 square 0,"(4367, 4367)",0,38141378,190.70689,216.006656,0.0012696743999549653(0.0),0.0011541620900970885(0.0)
681,8 square 1,"(4367, 4367)",0,38141378,190.70689,216.006656,0.002526988469908247(0.0),0.0023430716199800373(0.0)
682,8 square 0,"(4417, 4417)",0,39019778,195.09889,220.20096,0.0012910114099213387(0.0),0.0011730308299593162(0.0)
683,8 square 1,"(4417, 4417)",0,39019778,195.09889,220.20096,0.0025959801000135486(0.0),0.002311411609989591(0.0)
684,8 square 0,"(4467, 4467)",0,39908178,199.54089,226.492416,0.0013122031500097365(0.0),0.0011929700899054297(0.0)
685,8 square 1,"(4467, 4467)",0,39908178,199.54089,226.492416,0.002644615680037532(0.0),0.0023602318300982006(0.0)
686,8 square 0,"(4515, 4515)",0,40770450,203.85225,228.589568,0.0013334673199278768(0.0),0.0012122450101014692(0.0)
687,8 square 1,"(4515, 4515)",0,40770450,203.85225,228.589568,0.0027082414799951948(0.0),0.002515588030073559(0.0)
688,8 square 0,"(4564, 4564)",0,41660192,208.30096,232.783872,0.0013533636099600699(0.0),0.0012306978699052706(0.0)
689,8 square 1,"(4564, 4564)",0,41660192,208.30096,232.783872,0.0027906574800726958(0.0),0.0024764137199963445(0.0)
690,8 square 0,"(4612, 4612)",0,42541088,212.70544,239.075328,0.0013964718401257414(0.0),0.0012723040698620026(0.0)
691,8 square 1,"(4612, 4612)",0,42541088,212.70544,239.075328,0.002780919570068363(0.0),0.002560199800063856(0.0)
692,8 square 0,"(4659, 4659)",0,43412562,217.06281,241.17248,0.0013981616399541964(0.0),0.0012697906199900899(0.0)
693,8 square 1,"(4659, 4659)",0,43412562,217.06281,241.17248,0.002927895129978424(0.0),0.002657978310016915(0.0)
694,8 square 0,"(4706, 4706)",0,44292872,221.46436,247.463936,0.0014206274700700305(0.0),0.001292407550063217(0.0)
695,8 square 1,"(4706, 4706)",0,44292872,221.46436,247.463936,0.002989192420063773(0.0),0.0027464912200230174(0.0)
696,8 square 0,"(4752, 4752)",0,45163008,225.81504,251.65824,0.0014389151299837976(0.0),0.0013087864899716806(0.0)
697,8 square 1,"(4752, 4752)",0,45163008,225.81504,251.65824,0.003055774609965738(0.0),0.0027850584899715616(0.0)
698,8 square 0,"(4798, 4798)",0,46041608,230.20804,253.755392,0.0014644830200995784(0.0),0.0013325146200077144(0.0)
699,8 square 1,"(4798, 4798)",0,46041608,230.20804,253.755392,0.00312534272990888(0.0),0.0028228862400283107(0.0)
700,8 square 0,"(4844, 4844)",0,46928672,234.64336,260.046848,0.001482677089952631(0.0),0.0013488334399880842(0.0)
701,8 square 1,"(4844, 4844)",0,46928672,234.64336,260.046848,0.003194273749977583(0.0),0.0029285235999850557(0.0)
702,8 square 0,"(4889, 4889)",0,47804642,239.02321,264.241152,0.0015047362599580083(0.0),0.001368288100056816(0.0)
703,8 square 1,"(4889, 4889)",0,47804642,239.02321,264.241152,0.003275343499990413(0.0),0.0030000701700919306(0.0)
704,8 square 0,"(4934, 4934)",0,48688712,243.44356,268.435456,0.0015263344699633307(0.0),0.0013885492699046154(0.0)
705,8 square 1,"(4934, 4934)",0,48688712,243.44356,268.435456,0.0033425824300502426(0.0),0.0030679258500458675(0.0)
706,8 square 0,"(4978, 4978)",0,49560968,247.80484,272.62976,0.0015444486899650655(0.0),0.001405965370067861(0.0)
707,8 square 1,"(4978, 4978)",0,49560968,247.80484,272.62976,0.003422179899935145(0.0),0.00309765772006358(0.0)
708,8 square 0,"(5022, 5022)",0,50440968,252.20484,278.921216,0.0015690777100098785(0.0),0.0014282677001028787(0.0)
709,8 square 1,"(5022, 5022)",0,50440968,252.20484,278.921216,0.0034809409000445156(0.0),0.0031552526200539434(0.0)
710,8 square 0,"(5066, 5066)",0,51328712,256.64356,281.018368,0.0015941950600245037(0.0),0.0014506254300067666(0.0)
711,8 square 1,"(5066, 5066)",0,51328712,256.64356,281.018368,0.003551678020012332(0.0),0.003266448880021926(0.0)
712,8 square 0,"(5109, 5109)",0,52203762,261.01881,285.212672,0.0016025224899931345(0.0),0.0014592751799500548(0.0)
713,8 square 1,"(5109, 5109)",0,52203762,261.01881,285.212672,0.003735470130050089(0.0),0.0032908828400832137(0.0)
714,8 square 0,"(5152, 5152)",0,53086208,265.43104,291.504128,0.0016304891199979466(0.0),0.00148594366008183(0.0)
715,8 square 1,"(5152, 5152)",0,53086208,265.43104,291.504128,0.003689635539922165(0.0),0.0034045654999499673(0.0)
716,8 square 0,"(5194, 5194)",0,53955272,269.77636,293.60128,0.0016545821400359272(0.0),0.0015087525399576406(0.0)
717,8 square 1,"(5194, 5194)",0,53955272,269.77636,293.60128,0.0037765200799913146(0.0),0.0034943580300023313(0.0)
718,8 square 0,"(5236, 5236)",0,54831392,274.15696,299.892736,0.0016831158399872948(0.0),0.0015251346898730845(0.0)
719,8 square 1,"(5236, 5236)",0,54831392,274.15696,299.892736,0.0038531094600330108(0.0),0.0035391111600620207(0.0)
720,8 square 0,"(5278, 5278)",0,55714568,278.57284,304.08704,0.0017014634999213741(0.0),0.0015487441000004766(0.0)
721,8 square 1,"(5278, 5278)",0,55714568,278.57284,304.08704,0.003922199580119923(0.0),0.0035658626099757383(0.0)
722,8 square 0,"(5320, 5320)",0,56604800,283.024,306.184192,0.0017231346399057656(0.0),0.0015688089901232161(0.0)
723,8 square 1,"(5320, 5320)",0,56604800,283.024,306.184192,0.003988965600001393(0.0),0.0036417709999659563(0.0)
724,8 square 0,"(5361, 5361)",0,57480642,287.40321,312.475648,0.0017385066700808238(0.0),0.0015836673601006624(0.0)
725,8 square 1,"(5361, 5361)",0,57480642,287.40321,312.475648,0.004067169429908972(0.0),0.0037686194300476927(0.0)
726,8 square 0,"(5402, 5402)",0,58363208,291.81604,316.669952,0.0017626985799870454(0.0),0.0016062686599616427(0.0)
727,8 square 1,"(5402, 5402)",0,58363208,291.81604,316.669952,0.004141150689974893(0.0),0.004022265000094194(0.0)
728,8 square 0,"(5442, 5442)",0,59230728,296.15364,320.864256,0.0017862079899350646(0.0),0.0016291765301139093(0.0)
729,8 square 1,"(5442, 5442)",0,59230728,296.15364,320.864256,0.004217683559982106(0.0),0.004056588340026792(0.0)
730,8 square 0,"(5482, 5482)",0,60104648,300.52324,325.05856,0.001805851389945019(0.0),0.0016469958001107442(0.0)
731,8 square 1,"(5482, 5482)",0,60104648,300.52324,325.05856,0.004288207030040212(0.0),0.004154223200021079(0.0)
732,8 square 0,"(5522, 5522)",0,60984968,304.92484,331.350016,0.0018268527099280618(0.0),0.0016655540600186214(0.0)
733,8 square 1,"(5522, 5522)",0,60984968,304.92484,331.350016,0.004351589410071029(0.0),0.004246517870051321(0.0)
734,8 square 0,"(5562, 5562)",0,61871688,309.35844,335.54432,0.0018508674300392158(0.0),0.0016874614301195833(0.0)
735,8 square 1,"(5562, 5562)",0,61871688,309.35844,335.54432,0.004433124189963564(0.0),0.004072883390035713(0.0)
736,8 square 0,"(5601, 5601)",0,62742402,313.71201,337.641472,0.0018663742199714762(0.0),0.0017014127600123174(0.0)
737,8 square 1,"(5601, 5601)",0,62742402,313.71201,337.641472,0.004502147359889932(0.0),0.004153753639984643(0.0)
738,8 square 0,"(5640, 5640)",0,63619200,318.096,343.932928,0.0018953420899924822(0.0),0.0017281853099120781(0.0)
739,8 square 1,"(5640, 5640)",0,63619200,318.096,343.932928,0.004576729240070563(0.0),0.00432338713988429(0.0)
740,8 square 0,"(5679, 5679)",0,64502082,322.51041,348.127232,0.001911927809996996(0.0),0.0017445194399624596(0.0)
741,8 square 1,"(5679, 5679)",0,64502082,322.51041,348.127232,0.004655219800042687(0.0),0.004276106570032425(0.0)
742,8 square 0,"(5718, 5718)",0,65391048,326.95524,352.321536,0.0019322008799645119(0.0),0.0017621740698814392(0.0)
743,8 square 1,"(5718, 5718)",0,65391048,326.95524,352.321536,0.004748488909972366(0.0),0.004365669319959124(0.0)
744,8 square 0,"(5756, 5756)",0,66263072,331.31536,356.51584,0.001955515390000073(0.0),0.0017840472600073555(0.0)
745,8 square 1,"(5756, 5756)",0,66263072,331.31536,356.51584,0.0048016313399421055(0.0),0.004538646440050797(0.0)
746,8 square 0,"(5794, 5794)",0,67140872,335.70436,362.807296,0.0019778858199424577(0.0),0.001802909669931978(0.0)
747,8 square 1,"(5794, 5794)",0,67140872,335.70436,362.807296,0.004870545830053743(0.0),0.0046088270099426155(0.0)
748,8 square 0,"(5832, 5832)",0,68024448,340.12224,364.904448,0.0019973621900135187(0.0),0.0018228193500544876(0.0)
749,8 square 1,"(5832, 5832)",0,68024448,340.12224,364.904448,0.00494761139008915(0.0),0.0045879508700454605(0.0)
750,8 square 0,"(5869, 5869)",0,68890322,344.45161,369.098752,0.0020212015899596734(0.0),0.0018428164099168498(0.0)
751,8 square 1,"(5869, 5869)",0,68890322,344.45161,369.098752,0.005043083600030513(0.0),0.004625764270022046(0.0)
752,8 square 0,"(5907, 5907)",0,69785298,348.92649,375.390208,0.0020445038900652433(0.0),0.0018656968900177162(0.0)
753,8 square 1,"(5907, 5907)",0,69785298,348.92649,375.390208,0.005113361650001025(0.0),0.004671497430099408(0.0)
754,8 square 0,"(5944, 5944)",0,70662272,353.31136,377.48736,0.0020623199199326335(0.0),0.0018818886700319127(0.0)
755,8 square 1,"(5944, 5944)",0,70662272,353.31136,377.48736,0.0051939409699116364(0.0),0.004729367960098898(0.0)
756,8 square 0,"(5981, 5981)",0,71544722,357.72361,383.778816,0.0020871167400036937(0.0),0.0019049291699775495(0.0)
757,8 square 1,"(5981, 5981)",0,71544722,357.72361,383.778816,0.005271763549972093(0.0),0.00480075241997838(0.0)
758,8 square 0,"(6017, 6017)",0,72408578,362.04289,387.97312,0.0021074833899911026(0.0),0.0019232955299958122(0.0)
759,8 square 1,"(6017, 6017)",0,72408578,362.04289,387.97312,0.0053293552999093665(0.0),0.004857506650005235(0.0)
760,8 square 0,"(6054, 6054)",0,73301832,366.50916,390.070272,0.0021300295599212403(0.0),0.0019419672001095023(0.0)
761,8 square 1,"(6054, 6054)",0,73301832,366.50916,390.070272,0.005417577420012094(0.0),0.0050597849000769204(0.0)
762,8 square 0,"(6090, 6090)",0,74176200,370.881,396.361728,0.0021502525301184505(0.0),0.0019640099100070073(0.0)
763,8 square 1,"(6090, 6090)",0,74176200,370.881,396.361728,0.00555143367004348(0.0),0.005134842889965512(0.0)
764,8 square 0,"(6126, 6126)",0,75055752,375.27876,400.556032,0.002164782979962183(0.0),0.001975905889994465(0.0)
765,8 square 1,"(6126, 6126)",0,75055752,375.27876,400.556032,0.0055729489300574645(0.0),0.005093454149900935(0.0)
766,8 square 0,"(6161, 6161)",0,75915842,379.57921,404.750336,0.0021840574700036086(0.0),0.0019964749200153164(0.0)
767,8 square 1,"(6161, 6161)",0,75915842,379.57921,404.750336,0.00564399876006064(0.0),0.005129965100059053(0.0)
768,8 square 0,"(6197, 6197)",0,76805618,384.02809,408.94464,0.0022151487800874748(0.0),0.002023172910121502(0.0)
769,8 square 1,"(6197, 6197)",0,76805618,384.02809,408.94464,0.005725511329947039(0.0),0.005429998019972118(0.0)
770,8 square 0,"(6232, 6232)",0,77675648,388.37824,415.236096,0.0022382172399375124(0.0),0.002043581459874986(0.0)
771,8 square 1,"(6232, 6232)",0,77675648,388.37824,415.236096,0.005794077269965783(0.0),0.005366766480001388(0.0)
772,8 square 0,"(6268, 6268)",0,78575648,392.87824,417.333248,0.0022584769799141213(0.0),0.0020621073299844283(0.0)
773,8 square 1,"(6268, 6268)",0,78575648,392.87824,417.333248,0.0058870038099121304(0.0),0.005389177619945258(0.0)
774,8 square 0,"(6302, 6302)",0,79430408,397.15204,421.527552,0.0022792140500678213(0.0),0.002082185150065925(0.0)
775,8 square 1,"(6302, 6302)",0,79430408,397.15204,421.527552,0.005950506610097364(0.0),0.005519866899994667(0.0)
776,8 square 0,"(6337, 6337)",0,80315138,401.57569,427.819008,0.0023041837000346275(0.0),0.0021045772200159263(0.0)
777,8 square 1,"(6337, 6337)",0,80315138,401.57569,427.819008,0.0060320815100567415(0.0),0.005684706119936891(0.0)
778,8 square 0,"(6372, 6372)",0,81204768,406.02384,429.91616,0.002323613869957626(0.0),0.0021222206499078313(0.0)
779,8 square 1,"(6372, 6372)",0,81204768,406.02384,429.91616,0.00612501274998067(0.0),0.00565048611999373(0.0)
780,8 square 0,"(6406, 6406)",0,82073672,410.36836,436.207616,0.002348499959916808(0.0),0.002142703319987049(0.0)
781,8 square 1,"(6406, 6406)",0,82073672,410.36836,436.207616,0.006169660889863735(0.0),0.005752408309926977(0.0)
782,8 square 0,"(6440, 6440)",0,82947200,414.736,440.40192,0.0023663128200860227(0.0),0.0021616119200189134(0.0)
783,8 square 1,"(6440, 6440)",0,82947200,414.736,440.40192,0.006283209819957847(0.0),0.005949959569989005(0.0)
784,8 square 0,"(6474, 6474)",0,83825352,419.12676,442.499072,0.0023901343999023082(0.0),0.002182172049942892(0.0)
785,8 square 1,"(6474, 6474)",0,83825352,419.12676,442.499072,0.006365987600001972(0.0),0.005985737470036838(0.0)
786,8 square 0,"(6508, 6508)",0,84708128,423.54064,440.40192,0.0024106120500073302(0.0),0.0022021217399742455(0.0)
787,8 square 1,"(6508, 6508)",0,84708128,423.54064,440.40192,0.006449156020098598(0.0),0.005951402750069974(0.0)
788,8 square 0,"(6542, 6542)",0,85595528,427.97764,444.596224,0.0024321502300153953(0.0),0.0022247855200839693(0.0)
789,8 square 1,"(6542, 6542)",0,85595528,427.97764,444.596224,0.006528571079979883(0.0),0.006255296099989209(0.0)
790,8 square 0,"(6575, 6575)",0,86461250,432.30625,448.790528,0.00245291104001808(0.0),0.0022435844199208076(0.0)
791,8 square 1,"(6575, 6575)",0,86461250,432.30625,448.790528,0.00661554068006808(0.0),0.006218939259997569(0.0)
792,8 square 0,"(6609, 6609)",0,87357762,436.78881,452.984832,0.0024763754601008258(0.0),0.002264574759901734(0.0)
793,8 square 1,"(6609, 6609)",0,87357762,436.78881,452.984832,0.006706077720009489(0.0),0.006174881990009453(0.0)
794,8 square 0,"(6642, 6642)",0,88232328,441.16164,459.276288,0.002491761029959889(0.0),0.00227764034003485(0.0)
795,8 square 1,"(6642, 6642)",0,88232328,441.16164,459.276288,0.0067782113199064045(0.0),0.006472746780054876(0.0)
796,8 square 0,"(6675, 6675)",0,89111250,445.55625,461.37344,0.0025117406700155697(0.0),0.0022947750201274177(0.0)
797,8 square 1,"(6675, 6675)",0,89111250,445.55625,461.37344,0.00684163048004848(0.0),0.006652177479991223(0.0)
798,8 square 0,"(6708, 6708)",0,89994528,449.97264,465.567744,0.0025421098999504465(0.0),0.0023232041900337207(0.0)
799,8 square 1,"(6708, 6708)",0,89994528,449.97264,465.567744,0.006936858479893999(0.0),0.006461132529948372(0.0)
