,"Reduce factor, shape, dim",Input size,Sparsity,Total elements,Input memory,Total Memory,GPU clock time py geo (IQR)
0,1 square 0,"(1224, 1224)",0,2996352,14.98176,44.040192,0.000356726680038264(0.0)
1,1 square 1,"(1224, 1224)",0,2996352,14.98176,44.040192,0.00030754513005376794(0.0)
2,1 square 0,"(1392, 1392)",0,3875328,19.37664,44.040192,0.00042180303993518466(0.0)
3,1 square 1,"(1392, 1392)",0,3875328,19.37664,44.040192,0.0003511296299984679(0.0)
4,1 square 0,"(1542, 1542)",0,4755528,23.77764,65.011712,0.00038707087995135223(0.0)
5,1 square 1,"(1542, 1542)",0,4755528,23.77764,65.011712,0.0003758866700809449(0.0)
6,1 square 0,"(1678, 1678)",0,5631368,28.15684,67.108864,0.00044734167007845824(0.0)
7,1 square 1,"(1678, 1678)",0,5631368,28.15684,67.108864,0.0004531577399757225(0.0)
8,1 square 0,"(1804, 1804)",0,6508832,32.54416,71.303168,0.0004892983799800277(0.0)
9,1 square 1,"(1804, 1804)",0,6508832,32.54416,71.303168,0.0005171687999973074(0.0)
10,1 square 0,"(1922, 1922)",0,7388168,36.94084,75.497472,0.0005372117299702949(0.0)
11,1 square 1,"(1922, 1922)",0,7388168,36.94084,75.497472,0.0005911428600666114(0.0)
12,1 square 0,"(2033, 2033)",0,8266178,41.33089,77.594624,0.0005825863100471907(0.0)
13,1 square 1,"(2033, 2033)",0,8266178,41.33089,77.594624,0.0006568413900095038(0.0)
14,1 square 0,"(2139, 2139)",0,9150642,45.75321,102.760448,0.0006282833799195941(0.0)
15,1 square 1,"(2139, 2139)",0,9150642,45.75321,102.760448,0.0007296133899944835(0.0)
16,1 square 0,"(2239, 2239)",0,10026242,50.13121,106.954752,0.0006769705000624526(0.0)
17,1 square 1,"(2239, 2239)",0,10026242,50.13121,106.954752,0.0007911310299823526(0.0)
18,1 square 0,"(2335, 2335)",0,10904450,54.52225,117.440512,0.0007222123201063368(0.0)
19,1 square 1,"(2335, 2335)",0,10904450,54.52225,117.440512,0.0008643886499339714(0.0)
20,1 square 0,"(2427, 2427)",0,11780658,58.90329,121.634816,0.0007781616500869858(0.0)
21,1 square 1,"(2427, 2427)",0,11780658,58.90329,121.634816,0.0009286174100998323(0.0)
22,1 square 0,"(2516, 2516)",0,12660512,63.30256,134.217728,0.0008152807300211861(0.0)
23,1 square 1,"(2516, 2516)",0,12660512,63.30256,134.217728,0.0009994686700520105(0.0)
24,1 square 0,"(2602, 2602)",0,13540808,67.70404,136.31488,0.0008642156100540887(0.0)
25,1 square 1,"(2602, 2602)",0,13540808,67.70404,136.31488,0.0010695151200343389(0.0)
26,1 square 0,"(2685, 2685)",0,14418450,72.09225,140.509184,0.0009084928099764511(0.0)
27,1 square 1,"(2685, 2685)",0,14418450,72.09225,140.509184,0.0011411233099352103(0.0)
28,1 square 0,"(2766, 2766)",0,15301512,76.50756,153.092096,0.000957576280052308(0.0)
29,1 square 1,"(2766, 2766)",0,15301512,76.50756,153.092096,0.001214770570077235(0.0)
30,1 square 0,"(2844, 2844)",0,16176672,80.88336,155.189248,0.0010051567199116107(0.0)
31,1 square 1,"(2844, 2844)",0,16176672,80.88336,155.189248,0.001310149030032335(0.0)
32,1 square 0,"(2920, 2920)",0,17052800,85.264,167.77216,0.0010491524699318688(0.0)
33,1 square 1,"(2920, 2920)",0,17052800,85.264,167.77216,0.0013531595400127117(0.0)
34,1 square 0,"(2994, 2994)",0,17928072,89.64036,171.966464,0.001099709830014035(0.0)
35,1 square 1,"(2994, 2994)",0,17928072,89.64036,171.966464,0.0014201840799069033(0.0)
36,1 square 0,"(3067, 3067)",0,18812978,94.06489,174.063616,0.0011451021299581044(0.0)
37,1 square 1,"(3067, 3067)",0,18812978,94.06489,174.063616,0.0014986413100268692(0.0)
38,1 square 0,"(3138, 3138)",0,19694088,98.47044,186.646528,0.0012199774000328035(0.0)
39,1 square 1,"(3138, 3138)",0,19694088,98.47044,186.646528,0.0015700917100184596(0.0)
40,1 square 0,"(3207, 3207)",0,20569698,102.84849,190.840832,0.0012545228200906422(0.0)
41,1 square 1,"(3207, 3207)",0,20569698,102.84849,190.840832,0.0016441388998646288(0.0)
42,1 square 0,"(3275, 3275)",0,21451250,107.25625,192.937984,0.0013089109100110363(0.0)
43,1 square 1,"(3275, 3275)",0,21451250,107.25625,192.937984,0.0017338077000749763(0.0)
44,1 square 0,"(3341, 3341)",0,22324562,111.62281,197.132288,0.0013648939999984578(0.0)
45,1 square 1,"(3341, 3341)",0,22324562,111.62281,197.132288,0.001795772979967296(0.0)
46,1 square 0,"(3406, 3406)",0,23201672,116.00836,209.7152,0.0014187238199519926(0.0)
47,1 square 1,"(3406, 3406)",0,23201672,116.00836,209.7152,0.0018694677299936303(0.0)
48,1 square 0,"(3470, 3470)",0,24081800,120.409,211.812352,0.0014838827500352637(0.0)
49,1 square 1,"(3470, 3470)",0,24081800,120.409,211.812352,0.0019464701099786907(0.0)
50,1 square 0,"(3533, 3533)",0,24964178,124.82089,216.006656,0.0015340457500133198(0.0)
51,1 square 1,"(3533, 3533)",0,24964178,124.82089,216.006656,0.0020188239098933992(0.0)
52,1 square 0,"(3595, 3595)",0,25848050,129.24025,230.68672,0.0015929609999875537(0.0)
53,1 square 1,"(3595, 3595)",0,25848050,129.24025,230.68672,0.0020920296300027987(0.0)
54,1 square 0,"(3655, 3655)",0,26718050,133.59025,232.783872,0.0016555281200271565(0.0)
55,1 square 1,"(3655, 3655)",0,26718050,133.59025,232.783872,0.0021678012899064925(0.0)
56,1 square 0,"(3715, 3715)",0,27602450,138.01225,245.366784,0.0017303006899601315(0.0)
57,1 square 1,"(3715, 3715)",0,27602450,138.01225,245.366784,0.002243147150002187(0.0)
58,1 square 0,"(3773, 3773)",0,28471058,142.35529,249.561088,0.0017989566198957619(0.0)
59,1 square 1,"(3773, 3773)",0,28471058,142.35529,249.561088,0.002315215710113989(0.0)
60,1 square 0,"(3831, 3831)",0,29353122,146.76561,251.65824,0.0018874814599985257(0.0)
61,1 square 1,"(3831, 3831)",0,29353122,146.76561,251.65824,0.0023876000799646136(0.0)
62,1 square 0,"(3888, 3888)",0,30233088,151.16544,266.338304,0.001998682099947473(0.0)
63,1 square 1,"(3888, 3888)",0,30233088,151.16544,266.338304,0.0024650213500717654(0.0)
64,1 square 0,"(3944, 3944)",0,31110272,155.55136,270.532608,0.0021232949700788597(0.0)
65,1 square 1,"(3944, 3944)",0,31110272,155.55136,270.532608,0.0025374237600772178(0.0)
66,1 square 0,"(4000, 4000)",0,32000000,160.0,283.11552,0.0022711816799710505(0.0)
67,1 square 1,"(4000, 4000)",0,32000000,160.0,283.11552,0.002610835959931137(0.0)
68,1 square 0,"(4054, 4054)",0,32869832,164.34916,285.212672,0.002419841249939054(0.0)
69,1 square 1,"(4054, 4054)",0,32869832,164.34916,285.212672,0.00268571141990833(0.0)
70,1 square 0,"(4108, 4108)",0,33751328,168.75664,299.892736,0.002580236889916705(0.0)
71,1 square 1,"(4108, 4108)",0,33751328,168.75664,299.892736,0.0027584178899996916(0.0)
72,1 square 0,"(4161, 4161)",0,34627842,173.13921,304.08704,0.0027371153699641583(0.0)
73,1 square 1,"(4161, 4161)",0,34627842,173.13921,304.08704,0.002834177640033886(0.0)
74,1 square 0,"(4213, 4213)",0,35498738,177.49369,306.184192,0.0028933423399575987(0.0)
75,1 square 1,"(4213, 4213)",0,35498738,177.49369,306.184192,0.0029073567999876103(0.0)
76,1 square 0,"(4265, 4265)",0,36380450,181.90225,318.767104,0.0030737681899336167(0.0)
77,1 square 1,"(4265, 4265)",0,36380450,181.90225,318.767104,0.002984806440072134(0.0)
78,1 square 0,"(4316, 4316)",0,37255712,186.27856,322.961408,0.0032307315299112817(0.0)
79,1 square 1,"(4316, 4316)",0,37255712,186.27856,322.961408,0.003058174949983368(0.0)
80,1 square 0,"(4367, 4367)",0,38141378,190.70689,335.54432,0.00339689646003535(0.0)
81,1 square 1,"(4367, 4367)",0,38141378,190.70689,335.54432,0.003134889299981296(0.0)
82,1 square 0,"(4417, 4417)",0,39019778,195.09889,339.738624,0.0035552004599594513(0.0)
83,1 square 1,"(4417, 4417)",0,39019778,195.09889,339.738624,0.003209631219942821(0.0)
84,1 square 0,"(4467, 4467)",0,39908178,199.54089,352.321536,0.003760055930033559(0.0)
85,1 square 1,"(4467, 4467)",0,39908178,199.54089,352.321536,0.0032831079600146042(0.0)
86,1 square 0,"(4515, 4515)",0,40770450,203.85225,354.418688,0.0038939878001110627(0.0)
87,1 square 1,"(4515, 4515)",0,40770450,203.85225,354.418688,0.0033570465599768794(0.0)
88,1 square 0,"(4564, 4564)",0,41660192,208.30096,358.612992,0.004064382410142571(0.0)
89,1 square 1,"(4564, 4564)",0,41660192,208.30096,358.612992,0.0034332668701244984(0.0)
90,1 square 0,"(4612, 4612)",0,42541088,212.70544,373.293056,0.004224624460039195(0.0)
91,1 square 1,"(4612, 4612)",0,42541088,212.70544,373.293056,0.0035077092300343795(0.0)
92,1 square 0,"(4659, 4659)",0,43412562,217.06281,375.390208,0.004395319759933045(0.0)
93,1 square 1,"(4659, 4659)",0,43412562,217.06281,375.390208,0.0035841847000119744(0.0)
94,1 square 0,"(4706, 4706)",0,44292872,221.46436,387.97312,0.004558352420135634(0.0)
95,1 square 1,"(4706, 4706)",0,44292872,221.46436,387.97312,0.0036582531800377184(0.0)
96,1 square 0,"(4752, 4752)",0,45163008,225.81504,392.167424,0.004736242510116426(0.0)
97,1 square 1,"(4752, 4752)",0,45163008,225.81504,392.167424,0.0037354513299942484(0.0)
98,1 square 0,"(4798, 4798)",0,46041608,230.20804,394.264576,0.0048926916599157265(0.0)
99,1 square 1,"(4798, 4798)",0,46041608,230.20804,394.264576,0.003808819760015467(0.0)
100,1 square 0,"(4844, 4844)",0,46928672,234.64336,408.94464,0.005057031309988815(0.0)
101,1 square 1,"(4844, 4844)",0,46928672,234.64336,408.94464,0.0038856704698991963(0.0)
102,1 square 0,"(4889, 4889)",0,47804642,239.02321,413.138944,0.005236346300080186(0.0)
103,1 square 1,"(4889, 4889)",0,47804642,239.02321,413.138944,0.003967144890048076(0.0)
104,1 square 0,"(4934, 4934)",0,48688712,243.44356,423.624704,0.005405132750020129(0.0)
105,1 square 1,"(4934, 4934)",0,48688712,243.44356,423.624704,0.004036999300005846(0.0)
106,1 square 0,"(4978, 4978)",0,49560968,247.80484,427.819008,0.005571373990096618(0.0)
107,1 square 1,"(4978, 4978)",0,49560968,247.80484,427.819008,0.004113299369928427(0.0)
108,1 square 0,"(5022, 5022)",0,50440968,252.20484,442.499072,0.005749816360039403(0.0)
109,1 square 1,"(5022, 5022)",0,50440968,252.20484,442.499072,0.004187544559972594(0.0)
110,1 square 0,"(5066, 5066)",0,51328712,256.64356,444.596224,0.005929446869995445(0.0)
111,1 square 1,"(5066, 5066)",0,51328712,256.64356,444.596224,0.004264509780041408(0.0)
112,1 square 0,"(5109, 5109)",0,52203762,261.01881,448.790528,0.006091025640052976(0.0)
113,1 square 1,"(5109, 5109)",0,52203762,261.01881,448.790528,0.004347482150042197(0.0)
114,1 square 0,"(5152, 5152)",0,53086208,265.43104,461.37344,0.006259355950023746(0.0)
115,1 square 1,"(5152, 5152)",0,53086208,265.43104,461.37344,0.004495038930035662(0.0)
116,1 square 0,"(5194, 5194)",0,53955272,269.77636,463.470592,0.006445523419970413(0.0)
117,1 square 1,"(5194, 5194)",0,53955272,269.77636,463.470592,0.004492032819980523(0.0)
118,1 square 0,"(5236, 5236)",0,54831392,274.15696,478.150656,0.006598601239966228(0.0)
119,1 square 1,"(5236, 5236)",0,54831392,274.15696,478.150656,0.00457002219001879(0.0)
120,1 square 0,"(5278, 5278)",0,55714568,278.57284,482.34496,0.006771518400055357(0.0)
121,1 square 1,"(5278, 5278)",0,55714568,278.57284,482.34496,0.004644950390065787(0.0)
122,1 square 0,"(5320, 5320)",0,56604800,283.024,484.442112,0.00694511595997028(0.0)
123,1 square 1,"(5320, 5320)",0,56604800,283.024,484.442112,0.004720517579989973(0.0)
124,1 square 0,"(5361, 5361)",0,57480642,287.40321,497.025024,0.007114615400059848(0.0)
125,1 square 1,"(5361, 5361)",0,57480642,287.40321,497.025024,0.004797787089919439(0.0)
126,1 square 0,"(5402, 5402)",0,58363208,291.81604,501.219328,0.007285661659989273(0.0)
127,1 square 1,"(5402, 5402)",0,58363208,291.81604,501.219328,0.004874191290000453(0.0)
128,1 square 0,"(5442, 5442)",0,59230728,296.15364,513.80224,0.00746496086998377(0.0)
129,1 square 1,"(5442, 5442)",0,59230728,296.15364,513.80224,0.004949739160074387(0.0)
130,1 square 0,"(5482, 5482)",0,60104648,300.52324,517.996544,0.007645802420011023(0.0)
131,1 square 1,"(5482, 5482)",0,60104648,300.52324,517.996544,0.00502296373990248(0.0)
132,1 square 0,"(5522, 5522)",0,60984968,304.92484,530.579456,0.007809353539923905(0.0)
133,1 square 1,"(5522, 5522)",0,60984968,304.92484,530.579456,0.005100510699994629(0.0)
134,1 square 0,"(5562, 5562)",0,61871688,309.35844,534.77376,0.008015151060099014(0.0)
135,1 square 1,"(5562, 5562)",0,61871688,309.35844,534.77376,0.0051747026199882385(0.0)
136,1 square 0,"(5601, 5601)",0,62742402,313.71201,536.870912,0.008159650470042834(0.0)
137,1 square 1,"(5601, 5601)",0,62742402,313.71201,536.870912,0.005250638730067294(0.0)
138,1 square 0,"(5640, 5640)",0,63619200,318.096,551.550976,0.00835813269004575(0.0)
139,1 square 1,"(5640, 5640)",0,63619200,318.096,551.550976,0.005328774709923891(0.0)
140,1 square 0,"(5679, 5679)",0,64502082,322.51041,555.74528,0.008504117600095925(0.0)
141,1 square 1,"(5679, 5679)",0,64502082,322.51041,555.74528,0.005402782470046077(0.0)
142,1 square 0,"(5718, 5718)",0,65391048,326.95524,566.23104,0.0086971482700028(0.0)
143,1 square 1,"(5718, 5718)",0,65391048,326.95524,566.23104,0.005478725819993997(0.0)
144,1 square 0,"(5756, 5756)",0,66263072,331.31536,570.425344,0.008858370520028984(0.0)
145,1 square 1,"(5756, 5756)",0,66263072,331.31536,570.425344,0.005557442069984973(0.0)
146,1 square 0,"(5794, 5794)",0,67140872,335.70436,585.105408,0.009022756459889933(0.0)
147,1 square 1,"(5794, 5794)",0,67140872,335.70436,585.105408,0.005648518879897892(0.0)
148,1 square 0,"(5832, 5832)",0,68024448,340.12224,587.20256,0.009196137679973617(0.0)
149,1 square 1,"(5832, 5832)",0,68024448,340.12224,587.20256,0.0057157192099839445(0.0)
150,1 square 0,"(5869, 5869)",0,68890322,344.45161,591.396864,0.009374448080052389(0.0)
151,1 square 1,"(5869, 5869)",0,68890322,344.45161,591.396864,0.005786585280002327(0.0)
152,1 square 0,"(5907, 5907)",0,69785298,348.92649,603.979776,0.009547515119920717(0.0)
153,1 square 1,"(5907, 5907)",0,69785298,348.92649,603.979776,0.005863328549894504(0.0)
154,1 square 0,"(5944, 5944)",0,70662272,353.31136,606.076928,0.00973668232007185(0.0)
155,1 square 1,"(5944, 5944)",0,70662272,353.31136,606.076928,0.005940122690080898(0.0)
156,1 square 0,"(5981, 5981)",0,71544722,357.72361,620.756992,0.009900962079991587(0.0)
157,1 square 1,"(5981, 5981)",0,71544722,357.72361,620.756992,0.00601526554004522(0.0)
158,1 square 0,"(6017, 6017)",0,72408578,362.04289,624.951296,0.010080634879996069(0.0)
159,1 square 1,"(6017, 6017)",0,72408578,362.04289,624.951296,0.006088562490040203(0.0)
160,1 square 0,"(6054, 6054)",0,73301832,366.50916,627.048448,0.01027267381999991(0.0)
161,1 square 1,"(6054, 6054)",0,73301832,366.50916,627.048448,0.006166255749994889(0.0)
162,1 square 0,"(6090, 6090)",0,74176200,370.881,639.63136,0.010422647700033849(0.0)
163,1 square 1,"(6090, 6090)",0,74176200,370.881,639.63136,0.006242702460003784(0.0)
164,1 square 0,"(6126, 6126)",0,75055752,375.27876,643.825664,0.010641089970013127(0.0)
165,1 square 1,"(6126, 6126)",0,75055752,375.27876,643.825664,0.006314160070032813(0.0)
166,1 square 0,"(6161, 6161)",0,75915842,379.57921,656.408576,0.010772324609861243(0.0)
167,1 square 1,"(6161, 6161)",0,75915842,379.57921,656.408576,0.006392949399887584(0.0)
168,1 square 0,"(6197, 6197)",0,76805618,384.02809,660.60288,0.0109559436798736(0.0)
169,1 square 1,"(6197, 6197)",0,76805618,384.02809,660.60288,0.006469000350043643(0.0)
170,1 square 0,"(6232, 6232)",0,77675648,388.37824,673.185792,0.011128766990004806(0.0)
171,1 square 1,"(6232, 6232)",0,77675648,388.37824,673.185792,0.0065465752998716195(0.0)
172,1 square 0,"(6268, 6268)",0,78575648,392.87824,675.282944,0.011329767380084376(0.0)
173,1 square 1,"(6268, 6268)",0,78575648,392.87824,675.282944,0.0066250940298778005(0.0)
174,1 square 0,"(6302, 6302)",0,79430408,397.15204,679.477248,0.011481258659914602(0.0)
175,1 square 1,"(6302, 6302)",0,79430408,397.15204,679.477248,0.006699220480077202(0.0)
176,1 square 0,"(6337, 6337)",0,80315138,401.57569,694.157312,0.011670773890073179(0.0)
177,1 square 1,"(6337, 6337)",0,80315138,401.57569,694.157312,0.006776677309972001(0.0)
178,1 square 0,"(6372, 6372)",0,81204768,406.02384,696.254464,0.011830054160091094(0.0)
179,1 square 1,"(6372, 6372)",0,81204768,406.02384,696.254464,0.006852437050110893(0.0)
180,1 square 0,"(6406, 6406)",0,82073672,410.36836,708.837376,0.012012202390033054(0.0)
181,1 square 1,"(6406, 6406)",0,82073672,410.36836,708.837376,0.006926537949912017(0.0)
182,1 square 0,"(6440, 6440)",0,82947200,414.736,713.03168,0.01218657445991994(0.0)
183,1 square 1,"(6440, 6440)",0,82947200,414.736,713.03168,0.007001625820121263(0.0)
184,1 square 0,"(6474, 6474)",0,83825352,419.12676,715.128832,0.012367419450019951(0.0)
185,1 square 1,"(6474, 6474)",0,83825352,419.12676,715.128832,0.007082298530003754(0.0)
186,1 square 0,"(6508, 6508)",0,84708128,423.54064,729.808896,0.012542038889951073(0.0)
187,1 square 1,"(6508, 6508)",0,84708128,423.54064,729.808896,0.007158520829980261(0.0)
188,1 square 0,"(6542, 6542)",0,85595528,427.97764,734.0032,0.012713007949932943(0.0)
189,1 square 1,"(6542, 6542)",0,85595528,427.97764,734.0032,0.007231736480025575(0.0)
190,1 square 0,"(6575, 6575)",0,86461250,432.30625,744.48896,0.012890382909972686(0.0)
191,1 square 1,"(6575, 6575)",0,86461250,432.30625,744.48896,0.007315692990086973(0.0)
192,1 square 0,"(6609, 6609)",0,87357762,436.78881,748.683264,0.013062455170002067(0.0)
193,1 square 1,"(6609, 6609)",0,87357762,436.78881,748.683264,0.007385224189929432(0.0)
194,1 square 0,"(6642, 6642)",0,88232328,441.16164,763.363328,0.01324123808008153(0.0)
195,1 square 1,"(6642, 6642)",0,88232328,441.16164,763.363328,0.007464578220096882(0.0)
196,1 square 0,"(6675, 6675)",0,89111250,445.55625,765.46048,0.013432581199886044(0.0)
197,1 square 1,"(6675, 6675)",0,89111250,445.55625,765.46048,0.007538340109895216(0.0)
198,1 square 0,"(6708, 6708)",0,89994528,449.97264,769.654784,0.01360193493994302(0.0)
199,1 square 1,"(6708, 6708)",0,89994528,449.97264,769.654784,0.007616126089997124(0.0)
200,2 square 0,"(1224, 1224)",0,2996352,14.98176,44.040192,0.0003428255899052601(0.0)
201,2 square 1,"(1224, 1224)",0,2996352,14.98176,44.040192,0.00025832304992945865(0.0)
202,2 square 0,"(1392, 1392)",0,3875328,19.37664,44.040192,0.00039114145998610185(0.0)
203,2 square 1,"(1392, 1392)",0,3875328,19.37664,44.040192,0.00032181765986024404(0.0)
204,2 square 0,"(1542, 1542)",0,4755528,23.77764,44.040192,0.000432587980030803(0.0)
205,2 square 1,"(1542, 1542)",0,4755528,23.77764,44.040192,0.0004931058800138998(0.0)
206,2 square 0,"(1678, 1678)",0,5631368,28.15684,46.137344,0.0005999034999695141(0.0)
207,2 square 1,"(1678, 1678)",0,5631368,28.15684,46.137344,0.000613856520067202(0.0)
208,2 square 0,"(1804, 1804)",0,6508832,32.54416,71.303168,0.0005412029300350695(0.0)
209,2 square 1,"(1804, 1804)",0,6508832,32.54416,71.303168,0.0005518365900206845(0.0)
210,2 square 0,"(1922, 1922)",0,7388168,36.94084,75.497472,0.0005891790600435343(0.0)
211,2 square 1,"(1922, 1922)",0,7388168,36.94084,75.497472,0.0006289332700544037(0.0)
212,2 square 0,"(2033, 2033)",0,8266178,41.33089,77.594624,0.0006317756300268229(0.0)
213,2 square 1,"(2033, 2033)",0,8266178,41.33089,77.594624,0.0007007391600927803(0.0)
214,2 square 0,"(2139, 2139)",0,9150642,45.75321,81.788928,0.0006756837898865342(0.0)
215,2 square 1,"(2139, 2139)",0,9150642,45.75321,81.788928,0.000781487729982473(0.0)
216,2 square 0,"(2239, 2239)",0,10026242,50.13121,85.983232,0.0007273750299646054(0.0)
217,2 square 1,"(2239, 2239)",0,10026242,50.13121,85.983232,0.0008686601399676874(0.0)
218,2 square 0,"(2335, 2335)",0,10904450,54.52225,100.663296,0.0007681363399024122(0.0)
219,2 square 1,"(2335, 2335)",0,10904450,54.52225,100.663296,0.000932218169909902(0.0)
220,2 square 0,"(2427, 2427)",0,11780658,58.90329,104.8576,0.0008133959500992205(0.0)
221,2 square 1,"(2427, 2427)",0,11780658,58.90329,104.8576,0.0010082692600553854(0.0)
222,2 square 0,"(2516, 2516)",0,12660512,63.30256,111.149056,0.0008538401700207033(0.0)
223,2 square 1,"(2516, 2516)",0,12660512,63.30256,111.149056,0.00108807908007293(0.0)
224,2 square 0,"(2602, 2602)",0,13540808,67.70404,113.246208,0.000900065989990253(0.0)
225,2 square 1,"(2602, 2602)",0,13540808,67.70404,113.246208,0.0011694777799129952(0.0)
226,2 square 0,"(2685, 2685)",0,14418450,72.09225,111.149056,0.0009405010000045877(0.0)
227,2 square 1,"(2685, 2685)",0,14418450,72.09225,111.149056,0.0012445628599380143(0.0)
228,2 square 0,"(2766, 2766)",0,15301512,76.50756,119.537664,0.000985433479945641(0.0)
229,2 square 1,"(2766, 2766)",0,15301512,76.50756,119.537664,0.0013304505198902916(0.0)
230,2 square 0,"(2844, 2844)",0,16176672,80.88336,121.634816,0.0010333623200131114(0.0)
231,2 square 1,"(2844, 2844)",0,16176672,80.88336,121.634816,0.0014157100999727845(0.0)
232,2 square 0,"(2920, 2920)",0,17052800,85.264,150.994944,0.0010705453000264243(0.0)
233,2 square 1,"(2920, 2920)",0,17052800,85.264,150.994944,0.0014869949300191365(0.0)
234,2 square 0,"(2994, 2994)",0,17928072,89.64036,155.189248,0.0011186351400101558(0.0)
235,2 square 1,"(2994, 2994)",0,17928072,89.64036,155.189248,0.0015687468000396621(0.0)
236,2 square 0,"(3067, 3067)",0,18812978,94.06489,157.2864,0.0011563044300419278(0.0)
237,2 square 1,"(3067, 3067)",0,18812978,94.06489,157.2864,0.0016525053499208298(0.0)
238,2 square 0,"(3138, 3138)",0,19694088,98.47044,165.675008,0.001205063529923791(0.0)
239,2 square 1,"(3138, 3138)",0,19694088,98.47044,165.675008,0.0017344638099893927(0.0)
240,2 square 0,"(3207, 3207)",0,20569698,102.84849,169.869312,0.0012453088800248224(0.0)
241,2 square 1,"(3207, 3207)",0,20569698,102.84849,169.869312,0.0018168481699831318(0.0)
242,2 square 0,"(3275, 3275)",0,21451250,107.25625,180.355072,0.001289216830045916(0.0)
243,2 square 1,"(3275, 3275)",0,21451250,107.25625,180.355072,0.0019027921400265769(0.0)
244,2 square 0,"(3341, 3341)",0,22324562,111.62281,184.549376,0.0013331388200458604(0.0)
245,2 square 1,"(3341, 3341)",0,22324562,111.62281,184.549376,0.0019840191199909894(0.0)
246,2 square 0,"(3406, 3406)",0,23201672,116.00836,192.937984,0.0013764673900732306(0.0)
247,2 square 1,"(3406, 3406)",0,23201672,116.00836,192.937984,0.0020713568299834152(0.0)
248,2 square 0,"(3470, 3470)",0,24081800,120.409,195.035136,0.0014232762200117577(0.0)
249,2 square 1,"(3470, 3470)",0,24081800,120.409,195.035136,0.0021534738900663795(0.0)
250,2 square 0,"(3533, 3533)",0,24964178,124.82089,199.22944,0.0014615590599714777(0.0)
251,2 square 1,"(3533, 3533)",0,24964178,124.82089,199.22944,0.0022388314599811566(0.0)
252,2 square 0,"(3595, 3595)",0,25848050,129.24025,211.812352,0.0015059521301009227(0.0)
253,2 square 1,"(3595, 3595)",0,25848050,129.24025,211.812352,0.0023255845700623466(0.0)
254,2 square 0,"(3655, 3655)",0,26718050,133.59025,213.909504,0.0015516891500737984(0.0)
255,2 square 1,"(3655, 3655)",0,26718050,133.59025,213.909504,0.002405937709991122(0.0)
256,2 square 0,"(3715, 3715)",0,27602450,138.01225,222.298112,0.001596751679899171(0.0)
257,2 square 1,"(3715, 3715)",0,27602450,138.01225,222.298112,0.0024957322599948382(0.0)
258,2 square 0,"(3773, 3773)",0,28471058,142.35529,226.492416,0.0016414322999480646(0.0)
259,2 square 1,"(3773, 3773)",0,28471058,142.35529,226.492416,0.0025824590300908314(0.0)
260,2 square 0,"(3831, 3831)",0,29353122,146.76561,228.589568,0.0016832450999936554(0.0)
261,2 square 1,"(3831, 3831)",0,29353122,146.76561,228.589568,0.0026680503399984447(0.0)
262,2 square 0,"(3888, 3888)",0,30233088,151.16544,241.17248,0.001729163139971206(0.0)
263,2 square 1,"(3888, 3888)",0,30233088,151.16544,241.17248,0.0027586157398764044(0.0)
264,2 square 0,"(3944, 3944)",0,31110272,155.55136,245.366784,0.0017721859400626273(0.0)
265,2 square 1,"(3944, 3944)",0,31110272,155.55136,245.366784,0.00284268538991455(0.0)
266,2 square 0,"(4000, 4000)",0,32000000,160.0,253.755392,0.00182108232009341(0.0)
267,2 square 1,"(4000, 4000)",0,32000000,160.0,253.755392,0.0029296205499849746(0.0)
268,2 square 0,"(4054, 4054)",0,32869832,164.34916,255.852544,0.0018650794499262702(0.0)
269,2 square 1,"(4054, 4054)",0,32869832,164.34916,255.852544,0.0030230196999036707(0.0)
270,2 square 0,"(4108, 4108)",0,33751328,168.75664,268.435456,0.001906376069964608(0.0)
271,2 square 1,"(4108, 4108)",0,33751328,168.75664,268.435456,0.0031063779200485443(0.0)
272,2 square 0,"(4161, 4161)",0,34627842,173.13921,272.62976,0.001955937110033119(0.0)
273,2 square 1,"(4161, 4161)",0,34627842,173.13921,272.62976,0.00319399023996084(0.0)
274,2 square 0,"(4213, 4213)",0,35498738,177.49369,274.726912,0.0019996537099359556(0.0)
275,2 square 1,"(4213, 4213)",0,35498738,177.49369,274.726912,0.0032865128500270658(0.0)
276,2 square 0,"(4265, 4265)",0,36380450,181.90225,283.11552,0.0020474226599617395(0.0)
277,2 square 1,"(4265, 4265)",0,36380450,181.90225,283.11552,0.0033762767601001544(0.0)
278,2 square 0,"(4316, 4316)",0,37255712,186.27856,287.309824,0.0021016107099421787(0.0)
279,2 square 1,"(4316, 4316)",0,37255712,186.27856,287.309824,0.0034679778999998235(0.0)
280,2 square 0,"(4367, 4367)",0,38141378,190.70689,297.795584,0.002140298430022085(0.0)
281,2 square 1,"(4367, 4367)",0,38141378,190.70689,297.795584,0.003559858710068511(0.0)
282,2 square 0,"(4417, 4417)",0,39019778,195.09889,301.989888,0.002189087000006111(0.0)
283,2 square 1,"(4417, 4417)",0,39019778,195.09889,301.989888,0.0036462197799119168(0.0)
284,2 square 0,"(4467, 4467)",0,39908178,199.54089,310.378496,0.0022516788300708866(0.0)
285,2 square 1,"(4467, 4467)",0,39908178,199.54089,310.378496,0.0037430533199221826(0.0)
286,2 square 0,"(4515, 4515)",0,40770450,203.85225,312.475648,0.0022858823800925164(0.0)
287,2 square 1,"(4515, 4515)",0,40770450,203.85225,312.475648,0.0038363280601333826(0.0)
288,2 square 0,"(4564, 4564)",0,41660192,208.30096,316.669952,0.002336272380052833(0.0)
289,2 square 1,"(4564, 4564)",0,41660192,208.30096,316.669952,0.003928106050007045(0.0)
290,2 square 0,"(4612, 4612)",0,42541088,212.70544,320.864256,0.0023872576000576375(0.0)
291,2 square 1,"(4612, 4612)",0,42541088,212.70544,320.864256,0.004022588160005398(0.0)
292,2 square 0,"(4659, 4659)",0,43412562,217.06281,322.961408,0.0024371669899846894(0.0)
293,2 square 1,"(4659, 4659)",0,43412562,217.06281,322.961408,0.004109721310087479(0.0)
294,2 square 0,"(4706, 4706)",0,44292872,221.46436,331.350016,0.002488338660041336(0.0)
295,2 square 1,"(4706, 4706)",0,44292872,221.46436,331.350016,0.004201659810059937(0.0)
296,2 square 0,"(4752, 4752)",0,45163008,225.81504,335.54432,0.00253725016998942(0.0)
297,2 square 1,"(4752, 4752)",0,45163008,225.81504,335.54432,0.00430365050007822(0.0)
298,2 square 0,"(4798, 4798)",0,46041608,230.20804,337.641472,0.002589790230122162(0.0)
299,2 square 1,"(4798, 4798)",0,46041608,230.20804,337.641472,0.004390753690095153(0.0)
300,2 square 0,"(4844, 4844)",0,46928672,234.64336,350.224384,0.0026407735400425735(0.0)
301,2 square 1,"(4844, 4844)",0,46928672,234.64336,350.224384,0.004482532399997581(0.0)
302,2 square 0,"(4889, 4889)",0,47804642,239.02321,354.418688,0.0026961885299533607(0.0)
303,2 square 1,"(4889, 4889)",0,47804642,239.02321,354.418688,0.004580919090076349(0.0)
304,2 square 0,"(4934, 4934)",0,48688712,243.44356,360.710144,0.002749423899949761(0.0)
305,2 square 1,"(4934, 4934)",0,48688712,243.44356,360.710144,0.004668535130040254(0.0)
306,2 square 0,"(4978, 4978)",0,49560968,247.80484,364.904448,0.002804260400007479(0.0)
307,2 square 1,"(4978, 4978)",0,49560968,247.80484,364.904448,0.004762251610081876(0.0)
308,2 square 0,"(5022, 5022)",0,50440968,252.20484,379.584512,0.002858091300004162(0.0)
309,2 square 1,"(5022, 5022)",0,50440968,252.20484,379.584512,0.004853981240012217(0.0)
310,2 square 0,"(5066, 5066)",0,51328712,256.64356,381.681664,0.002912241890007863(0.0)
311,2 square 1,"(5066, 5066)",0,51328712,256.64356,381.681664,0.004946908940037247(0.0)
312,2 square 0,"(5109, 5109)",0,52203762,261.01881,385.875968,0.0029617936100112276(0.0)
313,2 square 1,"(5109, 5109)",0,52203762,261.01881,385.875968,0.0050406974399811585(0.0)
314,2 square 0,"(5152, 5152)",0,53086208,265.43104,394.264576,0.0030315310299920384(0.0)
315,2 square 1,"(5152, 5152)",0,53086208,265.43104,394.264576,0.005129235649947077(0.0)
316,2 square 0,"(5194, 5194)",0,53955272,269.77636,396.361728,0.0030959746601001824(0.0)
317,2 square 1,"(5194, 5194)",0,53955272,269.77636,396.361728,0.005224468279920984(0.0)
318,2 square 0,"(5236, 5236)",0,54831392,274.15696,408.94464,0.003155474359955406(0.0)
319,2 square 1,"(5236, 5236)",0,54831392,274.15696,408.94464,0.0053200176201062275(0.0)
320,2 square 0,"(5278, 5278)",0,55714568,278.57284,413.138944,0.0032259467701078394(0.0)
321,2 square 1,"(5278, 5278)",0,55714568,278.57284,413.138944,0.005413558959990041(0.0)
322,2 square 0,"(5320, 5320)",0,56604800,283.024,415.236096,0.003298757690063212(0.0)
323,2 square 1,"(5320, 5320)",0,56604800,283.024,415.236096,0.005505332780012395(0.0)
324,2 square 0,"(5361, 5361)",0,57480642,287.40321,423.624704,0.003368849269900238(0.0)
325,2 square 1,"(5361, 5361)",0,57480642,287.40321,423.624704,0.005600055359973339(0.0)
326,2 square 0,"(5402, 5402)",0,58363208,291.81604,427.819008,0.0034496253200632055(0.0)
327,2 square 1,"(5402, 5402)",0,58363208,291.81604,427.819008,0.005700062120013172(0.0)
328,2 square 0,"(5442, 5442)",0,59230728,296.15364,440.40192,0.0035422386199934408(0.0)
329,2 square 1,"(5442, 5442)",0,59230728,296.15364,440.40192,0.0057865613799367565(0.0)
330,2 square 0,"(5482, 5482)",0,60104648,300.52324,444.596224,0.0036563579899666367(0.0)
331,2 square 1,"(5482, 5482)",0,60104648,300.52324,444.596224,0.0058797022899670995(0.0)
332,2 square 0,"(5522, 5522)",0,60984968,304.92484,452.984832,0.0037518021301366387(0.0)
333,2 square 1,"(5522, 5522)",0,60984968,304.92484,452.984832,0.005972010429977672(0.0)
334,2 square 0,"(5562, 5562)",0,61871688,309.35844,457.179136,0.004036606139998185(0.0)
335,2 square 1,"(5562, 5562)",0,61871688,309.35844,457.179136,0.0060649343099794355(0.0)
336,2 square 0,"(5601, 5601)",0,62742402,313.71201,459.276288,0.004039078610076103(0.0)
337,2 square 1,"(5601, 5601)",0,62742402,313.71201,459.276288,0.0061607088999880944(0.0)
338,2 square 0,"(5640, 5640)",0,63619200,318.096,471.8592,0.004178048400062835(0.0)
339,2 square 1,"(5640, 5640)",0,63619200,318.096,471.8592,0.006252434530033497(0.0)
340,2 square 0,"(5679, 5679)",0,64502082,322.51041,476.053504,0.004329372799984413(0.0)
341,2 square 1,"(5679, 5679)",0,64502082,322.51041,476.053504,0.006345636350015411(0.0)
342,2 square 0,"(5718, 5718)",0,65391048,326.95524,482.34496,0.0044875715600210244(0.0)
343,2 square 1,"(5718, 5718)",0,65391048,326.95524,482.34496,0.006447805000061635(0.0)
344,2 square 0,"(5756, 5756)",0,66263072,331.31536,486.539264,0.0046311745001003145(0.0)
345,2 square 1,"(5756, 5756)",0,66263072,331.31536,486.539264,0.00654438060009852(0.0)
346,2 square 0,"(5794, 5794)",0,67140872,335.70436,501.219328,0.004780388119979761(0.0)
347,2 square 1,"(5794, 5794)",0,67140872,335.70436,501.219328,0.006644049940077821(0.0)
348,2 square 0,"(5832, 5832)",0,68024448,340.12224,503.31648,0.004951566499948967(0.0)
349,2 square 1,"(5832, 5832)",0,68024448,340.12224,503.31648,0.006751118429965572(0.0)
350,2 square 0,"(5869, 5869)",0,68890322,344.45161,507.510784,0.005099455329909688(0.0)
351,2 square 1,"(5869, 5869)",0,68890322,344.45161,507.510784,0.006827222099964274(0.0)
352,2 square 0,"(5907, 5907)",0,69785298,348.92649,515.899392,0.00525596993000363(0.0)
353,2 square 1,"(5907, 5907)",0,69785298,348.92649,515.899392,0.006919044529931853(0.0)
354,2 square 0,"(5944, 5944)",0,70662272,353.31136,517.996544,0.005431971720099682(0.0)
355,2 square 1,"(5944, 5944)",0,70662272,353.31136,517.996544,0.007024378169880947(0.0)
356,2 square 0,"(5981, 5981)",0,71544722,357.72361,530.579456,0.005566255479934625(0.0)
357,2 square 1,"(5981, 5981)",0,71544722,357.72361,530.579456,0.007116032680060016(0.0)
358,2 square 0,"(6017, 6017)",0,72408578,362.04289,534.77376,0.0057545589900109915(0.0)
359,2 square 1,"(6017, 6017)",0,72408578,362.04289,534.77376,0.007190869570040377(0.0)
360,2 square 0,"(6054, 6054)",0,73301832,366.50916,536.870912,0.005918203259934671(0.0)
361,2 square 1,"(6054, 6054)",0,73301832,366.50916,536.870912,0.007304026969941333(0.0)
362,2 square 0,"(6090, 6090)",0,74176200,370.881,545.25952,0.006076205100107472(0.0)
363,2 square 1,"(6090, 6090)",0,74176200,370.881,545.25952,0.007392285589885432(0.0)
364,2 square 0,"(6126, 6126)",0,75055752,375.27876,549.453824,0.006231218079919927(0.0)
365,2 square 1,"(6126, 6126)",0,75055752,375.27876,549.453824,0.007492053320020204(0.0)
366,2 square 0,"(6161, 6161)",0,75915842,379.57921,562.036736,0.006379465409991098(0.0)
367,2 square 1,"(6161, 6161)",0,75915842,379.57921,562.036736,0.007580856679996941(0.0)
368,2 square 0,"(6197, 6197)",0,76805618,384.02809,566.23104,0.0065433544600091405(0.0)
369,2 square 1,"(6197, 6197)",0,76805618,384.02809,566.23104,0.007680684830120299(0.0)
370,2 square 0,"(6232, 6232)",0,77675648,388.37824,574.619648,0.006709209819964599(0.0)
371,2 square 1,"(6232, 6232)",0,77675648,388.37824,574.619648,0.007768297029979294(0.0)
372,2 square 0,"(6268, 6268)",0,78575648,392.87824,576.7168,0.006872593720036093(0.0)
373,2 square 1,"(6268, 6268)",0,78575648,392.87824,576.7168,0.007871811150107533(0.0)
374,2 square 0,"(6302, 6302)",0,79430408,397.15204,580.911104,0.007032718669943278(0.0)
375,2 square 1,"(6302, 6302)",0,79430408,397.15204,580.911104,0.007970035479957005(0.0)
376,2 square 0,"(6337, 6337)",0,80315138,401.57569,593.494016,0.007197854680125602(0.0)
377,2 square 1,"(6337, 6337)",0,80315138,401.57569,593.494016,0.008064351240027462(0.0)
378,2 square 0,"(6372, 6372)",0,81204768,406.02384,595.591168,0.007361650269886013(0.0)
379,2 square 1,"(6372, 6372)",0,81204768,406.02384,595.591168,0.008161992380046286(0.0)
380,2 square 0,"(6406, 6406)",0,82073672,410.36836,603.979776,0.007519770439976128(0.0)
381,2 square 1,"(6406, 6406)",0,82073672,410.36836,603.979776,0.008262067920004484(0.0)
382,2 square 0,"(6440, 6440)",0,82947200,414.736,608.17408,0.007688306780037238(0.0)
383,2 square 1,"(6440, 6440)",0,82947200,414.736,608.17408,0.008354252169956453(0.0)
384,2 square 0,"(6474, 6474)",0,83825352,419.12676,610.271232,0.007862875009886921(0.0)
385,2 square 1,"(6474, 6474)",0,83825352,419.12676,610.271232,0.008482209630019498(0.0)
386,2 square 0,"(6508, 6508)",0,84708128,423.54064,624.951296,0.007996625410014531(0.0)
387,2 square 1,"(6508, 6508)",0,84708128,423.54064,624.951296,0.008539087539975298(0.0)
388,2 square 0,"(6542, 6542)",0,85595528,427.97764,629.1456,0.008176578900020104(0.0)
389,2 square 1,"(6542, 6542)",0,85595528,427.97764,629.1456,0.00864837607005029(0.0)
390,2 square 0,"(6575, 6575)",0,86461250,432.30625,635.437056,0.008336318749934435(0.0)
391,2 square 1,"(6575, 6575)",0,86461250,432.30625,635.437056,0.008741777420073048(0.0)
392,2 square 0,"(6609, 6609)",0,87357762,436.78881,639.63136,0.008506395519943907(0.0)
393,2 square 1,"(6609, 6609)",0,87357762,436.78881,639.63136,0.008830798609997146(0.0)
394,2 square 0,"(6642, 6642)",0,88232328,441.16164,652.214272,0.008671530650026398(0.0)
395,2 square 1,"(6642, 6642)",0,88232328,441.16164,652.214272,0.008923389940027846(0.0)
396,2 square 0,"(6675, 6675)",0,89111250,445.55625,654.311424,0.008836894629930613(0.0)
397,2 square 1,"(6675, 6675)",0,89111250,445.55625,654.311424,0.009030914350005333(0.0)
398,2 square 0,"(6708, 6708)",0,89994528,449.97264,658.505728,0.009010188969987211(0.0)
399,2 square 1,"(6708, 6708)",0,89994528,449.97264,658.505728,0.00912105576004251(0.0)
400,4 square 0,"(1224, 1224)",0,2996352,14.98176,23.068672,0.00045064534002449365(0.0)
401,4 square 1,"(1224, 1224)",0,2996352,14.98176,23.068672,0.00028545837005367503(0.0)
402,4 square 0,"(1392, 1392)",0,3875328,19.37664,46.137344,0.0005050846899393946(0.0)
403,4 square 1,"(1392, 1392)",0,3875328,19.37664,46.137344,0.00035391987999901177(0.0)
404,4 square 0,"(1542, 1542)",0,4755528,23.77764,44.040192,0.000537123659887584(0.0)
405,4 square 1,"(1542, 1542)",0,4755528,23.77764,44.040192,0.0004266509599983692(0.0)
406,4 square 0,"(1678, 1678)",0,5631368,28.15684,46.137344,0.0006127105200721416(0.0)
407,4 square 1,"(1678, 1678)",0,5631368,28.15684,46.137344,0.0005161467699508649(0.0)
408,4 square 0,"(1804, 1804)",0,6508832,32.54416,50.331648,0.0006585962299141101(0.0)
409,4 square 1,"(1804, 1804)",0,6508832,32.54416,50.331648,0.0006016373299644329(0.0)
410,4 square 0,"(1922, 1922)",0,7388168,36.94084,54.525952,0.0007111382999573834(0.0)
411,4 square 1,"(1922, 1922)",0,7388168,36.94084,54.525952,0.0006931351199455094(0.0)
412,4 square 0,"(2033, 2033)",0,8266178,41.33089,56.623104,0.0007560048800951336(0.0)
413,4 square 1,"(2033, 2033)",0,8266178,41.33089,56.623104,0.0007741635400452651(0.0)
414,4 square 0,"(2139, 2139)",0,9150642,45.75321,81.788928,0.0008018783599254675(0.0)
415,4 square 1,"(2139, 2139)",0,9150642,45.75321,81.788928,0.0008689455399871804(0.0)
416,4 square 0,"(2239, 2239)",0,10026242,50.13121,85.983232,0.0008510562799347098(0.0)
417,4 square 1,"(2239, 2239)",0,10026242,50.13121,85.983232,0.0009526410099351778(0.0)
418,4 square 0,"(2335, 2335)",0,10904450,54.52225,79.691776,0.0008854991900443565(0.0)
419,4 square 1,"(2335, 2335)",0,10904450,54.52225,79.691776,0.001031795409944607(0.0)
420,4 square 0,"(2427, 2427)",0,11780658,58.90329,83.88608,0.0009374172698881012(0.0)
421,4 square 1,"(2427, 2427)",0,11780658,58.90329,83.88608,0.0011215378899942152(0.0)
422,4 square 0,"(2516, 2516)",0,12660512,63.30256,90.177536,0.000971990830003051(0.0)
423,4 square 1,"(2516, 2516)",0,12660512,63.30256,90.177536,0.001205274429958081(0.0)
424,4 square 0,"(2602, 2602)",0,13540808,67.70404,113.246208,0.0010186069100745954(0.0)
425,4 square 1,"(2602, 2602)",0,13540808,67.70404,113.246208,0.0012944540499302093(0.0)
426,4 square 0,"(2685, 2685)",0,14418450,72.09225,117.440512,0.0010644155798945577(0.0)
427,4 square 1,"(2685, 2685)",0,14418450,72.09225,117.440512,0.0013991497601091396(0.0)
428,4 square 0,"(2766, 2766)",0,15301512,76.50756,123.731968,0.001101489849970676(0.0)
429,4 square 1,"(2766, 2766)",0,15301512,76.50756,123.731968,0.0014829091398860328(0.0)
430,4 square 0,"(2844, 2844)",0,16176672,80.88336,125.82912,0.001150551449973136(0.0)
431,4 square 1,"(2844, 2844)",0,16176672,80.88336,125.82912,0.001572999490017537(0.0)
432,4 square 0,"(2920, 2920)",0,17052800,85.264,130.023424,0.0011913366400403901(0.0)
433,4 square 1,"(2920, 2920)",0,17052800,85.264,130.023424,0.0016669402999104931(0.0)
434,4 square 0,"(2994, 2994)",0,17928072,89.64036,134.217728,0.0012357228100881913(0.0)
435,4 square 1,"(2994, 2994)",0,17928072,89.64036,134.217728,0.0017592048298683948(0.0)
436,4 square 0,"(3067, 3067)",0,18812978,94.06489,136.31488,0.0012733376100368332(0.0)
437,4 square 1,"(3067, 3067)",0,18812978,94.06489,136.31488,0.0018577195699617732(0.0)
438,4 square 0,"(3138, 3138)",0,19694088,98.47044,144.703488,0.001317749829904642(0.0)
439,4 square 1,"(3138, 3138)",0,19694088,98.47044,144.703488,0.0019457422100822442(0.0)
440,4 square 0,"(3207, 3207)",0,20569698,102.84849,148.897792,0.0013576281000860036(0.0)
441,4 square 1,"(3207, 3207)",0,20569698,102.84849,148.897792,0.0020515861800231507(0.0)
442,4 square 0,"(3275, 3275)",0,21451250,107.25625,155.189248,0.0013991082900611219(0.0)
443,4 square 1,"(3275, 3275)",0,21451250,107.25625,155.189248,0.002143031589948805(0.0)
444,4 square 0,"(3341, 3341)",0,22324562,111.62281,159.383552,0.001443518820015015(0.0)
445,4 square 1,"(3341, 3341)",0,22324562,111.62281,159.383552,0.0022486995300278066(0.0)
446,4 square 0,"(3406, 3406)",0,23201672,116.00836,167.77216,0.0014875847898656502(0.0)
447,4 square 1,"(3406, 3406)",0,23201672,116.00836,167.77216,0.0023428284999681636(0.0)
448,4 square 0,"(3470, 3470)",0,24081800,120.409,169.869312,0.0015294578300381544(0.0)
449,4 square 1,"(3470, 3470)",0,24081800,120.409,169.869312,0.0024373288599599616(0.0)
450,4 square 0,"(3533, 3533)",0,24964178,124.82089,174.063616,0.0015661462699063122(0.0)
451,4 square 1,"(3533, 3533)",0,24964178,124.82089,174.063616,0.0025402025300718376(0.0)
452,4 square 0,"(3595, 3595)",0,25848050,129.24025,182.452224,0.0016043673201056664(0.0)
453,4 square 1,"(3595, 3595)",0,25848050,129.24025,182.452224,0.00264666176008177(0.0)
454,4 square 0,"(3655, 3655)",0,26718050,133.59025,184.549376,0.0016528799801017158(0.0)
455,4 square 1,"(3655, 3655)",0,26718050,133.59025,184.549376,0.002736266300053103(0.0)
456,4 square 0,"(3715, 3715)",0,27602450,138.01225,192.937984,0.0016942868400656153(0.0)
457,4 square 1,"(3715, 3715)",0,27602450,138.01225,192.937984,0.0028369712800486013(0.0)
458,4 square 0,"(3773, 3773)",0,28471058,142.35529,197.132288,0.0017395737099286635(0.0)
459,4 square 1,"(3773, 3773)",0,28471058,142.35529,197.132288,0.002962578449951252(0.0)
460,4 square 0,"(3831, 3831)",0,29353122,146.76561,199.22944,0.0017754790899925865(0.0)
461,4 square 1,"(3831, 3831)",0,29353122,146.76561,199.22944,0.0030432815800304526(0.0)
462,4 square 0,"(3888, 3888)",0,30233088,151.16544,207.618048,0.0018232802199781872(0.0)
463,4 square 1,"(3888, 3888)",0,30233088,151.16544,207.618048,0.0031510180399345698(0.0)
464,4 square 0,"(3944, 3944)",0,31110272,155.55136,211.812352,0.0018597607700212393(0.0)
465,4 square 1,"(3944, 3944)",0,31110272,155.55136,211.812352,0.0032560685199860017(0.0)
466,4 square 0,"(4000, 4000)",0,32000000,160.0,220.20096,0.0019062827799643856(0.0)
467,4 square 1,"(4000, 4000)",0,32000000,160.0,220.20096,0.003351308989949757(0.0)
468,4 square 0,"(4054, 4054)",0,32869832,164.34916,222.298112,0.001948446780006634(0.0)
469,4 square 1,"(4054, 4054)",0,32869832,164.34916,222.298112,0.003463200179976411(0.0)
470,4 square 0,"(4108, 4108)",0,33751328,168.75664,251.65824,0.001980470620037522(0.0)
471,4 square 1,"(4108, 4108)",0,33751328,168.75664,251.65824,0.003566586329980055(0.0)
472,4 square 0,"(4161, 4161)",0,34627842,173.13921,255.852544,0.002032469370024046(0.0)
473,4 square 1,"(4161, 4161)",0,34627842,173.13921,255.852544,0.0036626991399680265(0.0)
474,4 square 0,"(4213, 4213)",0,35498738,177.49369,257.949696,0.0020818239299114794(0.0)
475,4 square 1,"(4213, 4213)",0,35498738,177.49369,257.949696,0.003776588610053295(0.0)
476,4 square 0,"(4265, 4265)",0,36380450,181.90225,266.338304,0.0021171847700315995(0.0)
477,4 square 1,"(4265, 4265)",0,36380450,181.90225,266.338304,0.00387996043995372(0.0)
478,4 square 0,"(4316, 4316)",0,37255712,186.27856,270.532608,0.0021576648799236865(0.0)
479,4 square 1,"(4316, 4316)",0,37255712,186.27856,270.532608,0.004010911299992585(0.0)
480,4 square 0,"(4367, 4367)",0,38141378,190.70689,276.824064,0.002201531089958735(0.0)
481,4 square 1,"(4367, 4367)",0,38141378,190.70689,276.824064,0.004103421220061136(0.0)
482,4 square 0,"(4417, 4417)",0,39019778,195.09889,281.018368,0.0022434872899611946(0.0)
483,4 square 1,"(4417, 4417)",0,39019778,195.09889,281.018368,0.004208377839968307(0.0)
484,4 square 0,"(4467, 4467)",0,39908178,199.54089,289.406976,0.002286449880048167(0.0)
485,4 square 1,"(4467, 4467)",0,39908178,199.54089,289.406976,0.004311944939981913(0.0)
486,4 square 0,"(4515, 4515)",0,40770450,203.85225,291.504128,0.0023283935499785(0.0)
487,4 square 1,"(4515, 4515)",0,40770450,203.85225,291.504128,0.004429773939918959(0.0)
488,4 square 0,"(4564, 4564)",0,41660192,208.30096,295.698432,0.00237117261000094(0.0)
489,4 square 1,"(4564, 4564)",0,41660192,208.30096,295.698432,0.004534995050053112(0.0)
490,4 square 0,"(4612, 4612)",0,42541088,212.70544,308.281344,0.002429311750020133(0.0)
491,4 square 1,"(4612, 4612)",0,42541088,212.70544,308.281344,0.004646929129958153(0.0)
492,4 square 0,"(4659, 4659)",0,43412562,217.06281,310.378496,0.002454863979946822(0.0)
493,4 square 1,"(4659, 4659)",0,43412562,217.06281,310.378496,0.004753155059879646(0.0)
494,4 square 0,"(4706, 4706)",0,44292872,221.46436,318.767104,0.0024988777699763887(0.0)
495,4 square 1,"(4706, 4706)",0,44292872,221.46436,318.767104,0.004871484110044549(0.0)
496,4 square 0,"(4752, 4752)",0,45163008,225.81504,322.961408,0.0025403325200022663(0.0)
497,4 square 1,"(4752, 4752)",0,45163008,225.81504,322.961408,0.004971764410001924(0.0)
498,4 square 0,"(4798, 4798)",0,46041608,230.20804,325.05856,0.0025814134799293244(0.0)
499,4 square 1,"(4798, 4798)",0,46041608,230.20804,325.05856,0.00508148651002557(0.0)
500,4 square 0,"(4844, 4844)",0,46928672,234.64336,333.447168,0.0026285661800648087(0.0)
501,4 square 1,"(4844, 4844)",0,46928672,234.64336,333.447168,0.005254721819947008(0.0)
502,4 square 0,"(4889, 4889)",0,47804642,239.02321,337.641472,0.0026736165200418327(0.0)
503,4 square 1,"(4889, 4889)",0,47804642,239.02321,337.641472,0.0053110472499975(0.0)
504,4 square 0,"(4934, 4934)",0,48688712,243.44356,343.932928,0.0027125897900259588(0.0)
505,4 square 1,"(4934, 4934)",0,48688712,243.44356,343.932928,0.005420148389966926(0.0)
506,4 square 0,"(4978, 4978)",0,49560968,247.80484,348.127232,0.0027544952899916098(0.0)
507,4 square 1,"(4978, 4978)",0,49560968,247.80484,348.127232,0.005534360689925961(0.0)
508,4 square 0,"(5022, 5022)",0,50440968,252.20484,360.710144,0.0027997932999278418(0.0)
509,4 square 1,"(5022, 5022)",0,50440968,252.20484,360.710144,0.0056366200099000705(0.0)
510,4 square 0,"(5066, 5066)",0,51328712,256.64356,362.807296,0.0028421432600589467(0.0)
511,4 square 1,"(5066, 5066)",0,51328712,256.64356,362.807296,0.005753191959956894(0.0)
512,4 square 0,"(5109, 5109)",0,52203762,261.01881,367.0016,0.0028777294300380164(0.0)
513,4 square 1,"(5109, 5109)",0,52203762,261.01881,367.0016,0.005872953840007539(0.0)
514,4 square 0,"(5152, 5152)",0,53086208,265.43104,375.390208,0.002924250650103204(0.0)
515,4 square 1,"(5152, 5152)",0,53086208,265.43104,375.390208,0.005981232320045819(0.0)
516,4 square 0,"(5194, 5194)",0,53955272,269.77636,377.48736,0.0029706770899065303(0.0)
517,4 square 1,"(5194, 5194)",0,53955272,269.77636,377.48736,0.006095595009974204(0.0)
518,4 square 0,"(5236, 5236)",0,54831392,274.15696,385.875968,0.003013947569997981(0.0)
519,4 square 1,"(5236, 5236)",0,54831392,274.15696,385.875968,0.006217361380113289(0.0)
520,4 square 0,"(5278, 5278)",0,55714568,278.57284,390.070272,0.0030582545200013556(0.0)
521,4 square 1,"(5278, 5278)",0,55714568,278.57284,390.070272,0.006326740900112782(0.0)
522,4 square 0,"(5320, 5320)",0,56604800,283.024,392.167424,0.003101327129988931(0.0)
523,4 square 1,"(5320, 5320)",0,56604800,283.024,392.167424,0.00644042833999265(0.0)
524,4 square 0,"(5361, 5361)",0,57480642,287.40321,400.556032,0.0031435572500049603(0.0)
525,4 square 1,"(5361, 5361)",0,57480642,287.40321,400.556032,0.006565175030118553(0.0)
526,4 square 0,"(5402, 5402)",0,58363208,291.81604,404.750336,0.0031908536299306432(0.0)
527,4 square 1,"(5402, 5402)",0,58363208,291.81604,404.750336,0.006680728950013873(0.0)
528,4 square 0,"(5442, 5442)",0,59230728,296.15364,415.236096,0.00323403746006079(0.0)
529,4 square 1,"(5442, 5442)",0,59230728,296.15364,415.236096,0.0067770154200843535(0.0)
530,4 square 0,"(5482, 5482)",0,60104648,300.52324,419.4304,0.003276351220119977(0.0)
531,4 square 1,"(5482, 5482)",0,60104648,300.52324,419.4304,0.006904871769947931(0.0)
532,4 square 0,"(5522, 5522)",0,60984968,304.92484,427.819008,0.0033200571400811897(0.0)
533,4 square 1,"(5522, 5522)",0,60984968,304.92484,427.819008,0.007026961240044329(0.0)
534,4 square 0,"(5562, 5562)",0,61871688,309.35844,432.013312,0.0033633039800042754(0.0)
535,4 square 1,"(5562, 5562)",0,61871688,309.35844,432.013312,0.007134568379988195(0.0)
536,4 square 0,"(5601, 5601)",0,62742402,313.71201,434.110464,0.003406239320029272(0.0)
537,4 square 1,"(5601, 5601)",0,62742402,313.71201,434.110464,0.00725014978001127(0.0)
538,4 square 0,"(5640, 5640)",0,63619200,318.096,442.499072,0.003443313220050186(0.0)
539,4 square 1,"(5640, 5640)",0,63619200,318.096,442.499072,0.007373003889952088(0.0)
540,4 square 0,"(5679, 5679)",0,64502082,322.51041,446.693376,0.0034939136399771086(0.0)
541,4 square 1,"(5679, 5679)",0,64502082,322.51041,446.693376,0.007482399209984578(0.0)
542,4 square 0,"(5718, 5718)",0,65391048,326.95524,452.984832,0.003538866400049301(0.0)
543,4 square 1,"(5718, 5718)",0,65391048,326.95524,452.984832,0.007598075479909312(0.0)
544,4 square 0,"(5756, 5756)",0,66263072,331.31536,457.179136,0.0035842771299940067(0.0)
545,4 square 1,"(5756, 5756)",0,66263072,331.31536,457.179136,0.007720965560001787(0.0)
546,4 square 0,"(5794, 5794)",0,67140872,335.70436,469.762048,0.0036261268400994595(0.0)
547,4 square 1,"(5794, 5794)",0,67140872,335.70436,469.762048,0.007823776449949946(0.0)
548,4 square 0,"(5832, 5832)",0,68024448,340.12224,471.8592,0.0036706573099945673(0.0)
549,4 square 1,"(5832, 5832)",0,68024448,340.12224,471.8592,0.007969837879936676(0.0)
550,4 square 0,"(5869, 5869)",0,68890322,344.45161,476.053504,0.0037151592200098094(0.0)
551,4 square 1,"(5869, 5869)",0,68890322,344.45161,476.053504,0.008073511799884726(0.0)
552,4 square 0,"(5907, 5907)",0,69785298,348.92649,484.442112,0.0037592160000349396(0.0)
553,4 square 1,"(5907, 5907)",0,69785298,348.92649,484.442112,0.008192265490069985(0.0)
554,4 square 0,"(5944, 5944)",0,70662272,353.31136,486.539264,0.0038028082100208848(0.0)
555,4 square 1,"(5944, 5944)",0,70662272,353.31136,486.539264,0.008304697150015273(0.0)
556,4 square 0,"(5981, 5981)",0,71544722,357.72361,494.927872,0.0038489819699316285(0.0)
557,4 square 1,"(5981, 5981)",0,71544722,357.72361,494.927872,0.008423362670000642(0.0)
558,4 square 0,"(6017, 6017)",0,72408578,362.04289,499.122176,0.0038916041300399227(0.0)
559,4 square 1,"(6017, 6017)",0,72408578,362.04289,499.122176,0.008526294389885152(0.0)
560,4 square 0,"(6054, 6054)",0,73301832,366.50916,501.219328,0.003938025980023668(0.0)
561,4 square 1,"(6054, 6054)",0,73301832,366.50916,501.219328,0.00866692529001739(0.0)
562,4 square 0,"(6090, 6090)",0,74176200,370.881,509.607936,0.003981957520009019(0.0)
563,4 square 1,"(6090, 6090)",0,74176200,370.881,509.607936,0.008795076820097164(0.0)
564,4 square 0,"(6126, 6126)",0,75055752,375.27876,513.80224,0.004016319289949024(0.0)
565,4 square 1,"(6126, 6126)",0,75055752,375.27876,513.80224,0.008993822000047658(0.0)
566,4 square 0,"(6161, 6161)",0,75915842,379.57921,524.288,0.0040643824399739965(0.0)
567,4 square 1,"(6161, 6161)",0,75915842,379.57921,524.288,0.009015725880017271(0.0)
568,4 square 0,"(6197, 6197)",0,76805618,384.02809,528.482304,0.004115404460026184(0.0)
569,4 square 1,"(6197, 6197)",0,76805618,384.02809,528.482304,0.009171134960051858(0.0)
570,4 square 0,"(6232, 6232)",0,77675648,388.37824,536.870912,0.004159057079959894(0.0)
571,4 square 1,"(6232, 6232)",0,77675648,388.37824,536.870912,0.00926411412001471(0.0)
572,4 square 0,"(6268, 6268)",0,78575648,392.87824,538.968064,0.0042097020000801426(0.0)
573,4 square 1,"(6268, 6268)",0,78575648,392.87824,538.968064,0.009386515399964991(0.0)
574,4 square 0,"(6302, 6302)",0,79430408,397.15204,543.162368,0.004254316819860833(0.0)
575,4 square 1,"(6302, 6302)",0,79430408,397.15204,543.162368,0.00951410569003201(0.0)
576,4 square 0,"(6337, 6337)",0,80315138,401.57569,551.550976,0.004300736069999402(0.0)
577,4 square 1,"(6337, 6337)",0,80315138,401.57569,551.550976,0.009633834529959131(0.0)
578,4 square 0,"(6372, 6372)",0,81204768,406.02384,553.648128,0.004348994580068393(0.0)
579,4 square 1,"(6372, 6372)",0,81204768,406.02384,553.648128,0.009767279859952396(0.0)
580,4 square 0,"(6406, 6406)",0,82073672,410.36836,562.036736,0.004395572220091708(0.0)
581,4 square 1,"(6406, 6406)",0,82073672,410.36836,562.036736,0.009881645179993938(0.0)
582,4 square 0,"(6440, 6440)",0,82947200,414.736,566.23104,0.0044450330999097785(0.0)
583,4 square 1,"(6440, 6440)",0,82947200,414.736,566.23104,0.009996273619908607(0.0)
584,4 square 0,"(6474, 6474)",0,83825352,419.12676,568.328192,0.004504628830036381(0.0)
585,4 square 1,"(6474, 6474)",0,83825352,419.12676,568.328192,0.010122063000017079(0.0)
586,4 square 0,"(6508, 6508)",0,84708128,423.54064,572.522496,0.004537768800073536(0.0)
587,4 square 1,"(6508, 6508)",0,84708128,423.54064,572.522496,0.0102528432100371(0.0)
588,4 square 0,"(6542, 6542)",0,85595528,427.97764,576.7168,0.0045856902899686245(0.0)
589,4 square 1,"(6542, 6542)",0,85595528,427.97764,576.7168,0.010379679280013078(0.0)
590,4 square 0,"(6575, 6575)",0,86461250,432.30625,583.008256,0.004633304680028232(0.0)
591,4 square 1,"(6575, 6575)",0,86461250,432.30625,583.008256,0.01047539000006509(0.0)
592,4 square 0,"(6609, 6609)",0,87357762,436.78881,587.20256,0.004687801980035147(0.0)
593,4 square 1,"(6609, 6609)",0,87357762,436.78881,587.20256,0.010626998530060518(0.0)
594,4 square 0,"(6642, 6642)",0,88232328,441.16164,595.591168,0.0047279382600390815(0.0)
595,4 square 1,"(6642, 6642)",0,88232328,441.16164,595.591168,0.01074377551994985(0.0)
596,4 square 0,"(6675, 6675)",0,89111250,445.55625,597.68832,0.004776913730020169(0.0)
597,4 square 1,"(6675, 6675)",0,89111250,445.55625,597.68832,0.010853497790085384(0.0)
598,4 square 0,"(6708, 6708)",0,89994528,449.97264,601.882624,0.004832269049948081(0.0)
599,4 square 1,"(6708, 6708)",0,89994528,449.97264,601.882624,0.010993920510081807(0.0)
600,8 square 0,"(1224, 1224)",0,2996352,14.98176,23.068672,0.0006347150100918952(0.0)
601,8 square 1,"(1224, 1224)",0,2996352,14.98176,23.068672,0.0003514602298673708(0.0)
602,8 square 0,"(1392, 1392)",0,3875328,19.37664,44.040192,0.0007173700399289374(0.0)
603,8 square 1,"(1392, 1392)",0,3875328,19.37664,44.040192,0.0004327920600189827(0.0)
604,8 square 0,"(1542, 1542)",0,4755528,23.77764,44.040192,0.000741218960029073(0.0)
605,8 square 1,"(1542, 1542)",0,4755528,23.77764,44.040192,0.0005036449999897741(0.0)
606,8 square 0,"(1678, 1678)",0,5631368,28.15684,46.137344,0.000827982629998587(0.0)
607,8 square 1,"(1678, 1678)",0,5631368,28.15684,46.137344,0.0006321125000249595(0.0)
608,8 square 0,"(1804, 1804)",0,6508832,32.54416,50.331648,0.0008894476499699522(0.0)
609,8 square 1,"(1804, 1804)",0,6508832,32.54416,50.331648,0.0007303311000578105(0.0)
610,8 square 0,"(1922, 1922)",0,7388168,36.94084,56.623104,0.0009230807500716765(0.0)
611,8 square 1,"(1922, 1922)",0,7388168,36.94084,56.623104,0.0008198422699933871(0.0)
612,8 square 0,"(2033, 2033)",0,8266178,41.33089,58.720256,0.0009898383599647787(0.0)
613,8 square 1,"(2033, 2033)",0,8266178,41.33089,58.720256,0.0009398667300411034(0.0)
614,8 square 0,"(2139, 2139)",0,9150642,45.75321,60.817408,0.0010468213299463969(0.0)
615,8 square 1,"(2139, 2139)",0,9150642,45.75321,60.817408,0.0010439039199263789(0.0)
616,8 square 0,"(2239, 2239)",0,10026242,50.13121,85.983232,0.0010939597099786625(0.0)
617,8 square 1,"(2239, 2239)",0,10026242,50.13121,85.983232,0.0011844390899932477(0.0)
618,8 square 0,"(2335, 2335)",0,10904450,54.52225,71.303168,0.001137681039981544(0.0)
619,8 square 1,"(2335, 2335)",0,10904450,54.52225,71.303168,0.0012499509599001612(0.0)
620,8 square 0,"(2427, 2427)",0,11780658,58.90329,83.88608,0.0011799353901005816(0.0)
621,8 square 1,"(2427, 2427)",0,11780658,58.90329,83.88608,0.0013665982500242536(0.0)
622,8 square 0,"(2516, 2516)",0,12660512,63.30256,83.88608,0.001231003690045327(0.0)
623,8 square 1,"(2516, 2516)",0,12660512,63.30256,83.88608,0.0014625523799622897(0.0)
624,8 square 0,"(2602, 2602)",0,13540808,67.70404,92.274688,0.0012616456398973242(0.0)
625,8 square 1,"(2602, 2602)",0,13540808,67.70404,92.274688,0.0015588325199496467(0.0)
626,8 square 0,"(2685, 2685)",0,14418450,72.09225,96.468992,0.0013143474300159142(0.0)
627,8 square 1,"(2685, 2685)",0,14418450,72.09225,96.468992,0.0016768724500434472(0.0)
628,8 square 0,"(2766, 2766)",0,15301512,76.50756,102.760448,0.0013492565200431273(0.0)
629,8 square 1,"(2766, 2766)",0,15301512,76.50756,102.760448,0.0017810050300613512(0.0)
630,8 square 0,"(2844, 2844)",0,16176672,80.88336,104.8576,0.001403783290006686(0.0)
631,8 square 1,"(2844, 2844)",0,16176672,80.88336,104.8576,0.0019015817598847207(0.0)
632,8 square 0,"(2920, 2920)",0,17052800,85.264,132.120576,0.0014400494800065643(0.0)
633,8 square 1,"(2920, 2920)",0,17052800,85.264,132.120576,0.002003345589910168(0.0)
634,8 square 0,"(2994, 2994)",0,17928072,89.64036,136.31488,0.0014955524899414741(0.0)
635,8 square 1,"(2994, 2994)",0,17928072,89.64036,136.31488,0.0021250178699847313(0.0)
636,8 square 0,"(3067, 3067)",0,18812978,94.06489,136.31488,0.0015290289600670803(0.0)
637,8 square 1,"(3067, 3067)",0,18812978,94.06489,136.31488,0.002236169149982743(0.0)
638,8 square 0,"(3138, 3138)",0,19694088,98.47044,144.703488,0.001575023499899544(0.0)
639,8 square 1,"(3138, 3138)",0,19694088,98.47044,144.703488,0.0023509503999957814(0.0)
640,8 square 0,"(3207, 3207)",0,20569698,102.84849,148.897792,0.0016177523600345012(0.0)
641,8 square 1,"(3207, 3207)",0,20569698,102.84849,148.897792,0.0024460869100585113(0.0)
642,8 square 0,"(3275, 3275)",0,21451250,107.25625,155.189248,0.0016538291399774607(0.0)
643,8 square 1,"(3275, 3275)",0,21451250,107.25625,155.189248,0.00257657472990104(0.0)
644,8 square 0,"(3341, 3341)",0,22324562,111.62281,159.383552,0.0017305011600547004(0.0)
645,8 square 1,"(3341, 3341)",0,22324562,111.62281,159.383552,0.0027167660999111833(0.0)
646,8 square 0,"(3406, 3406)",0,23201672,116.00836,167.77216,0.0017355655200663022(0.0)
647,8 square 1,"(3406, 3406)",0,23201672,116.00836,167.77216,0.0028172161598922687(0.0)
648,8 square 0,"(3470, 3470)",0,24081800,120.409,169.869312,0.0017880172599689104(0.0)
649,8 square 1,"(3470, 3470)",0,24081800,120.409,169.869312,0.002934652410040144(0.0)
650,8 square 0,"(3533, 3533)",0,24964178,124.82089,174.063616,0.001828255500004161(0.0)
651,8 square 1,"(3533, 3533)",0,24964178,124.82089,174.063616,0.003063476899988018(0.0)
652,8 square 0,"(3595, 3595)",0,25848050,129.24025,182.452224,0.001938273240084527(0.0)
653,8 square 1,"(3595, 3595)",0,25848050,129.24025,182.452224,0.003314676069858251(0.0)
654,8 square 0,"(3655, 3655)",0,26718050,133.59025,184.549376,0.001912697189982282(0.0)
655,8 square 1,"(3655, 3655)",0,26718050,133.59025,184.549376,0.003303900500031887(0.0)
656,8 square 0,"(3715, 3715)",0,27602450,138.01225,192.937984,0.0019512085799942725(0.0)
657,8 square 1,"(3715, 3715)",0,27602450,138.01225,192.937984,0.0034094904600351582(0.0)
658,8 square 0,"(3773, 3773)",0,28471058,142.35529,197.132288,0.0019966387400927486(0.0)
659,8 square 1,"(3773, 3773)",0,28471058,142.35529,197.132288,0.003545158889901359(0.0)
660,8 square 0,"(3831, 3831)",0,29353122,146.76561,199.22944,0.0020305516199732665(0.0)
661,8 square 1,"(3831, 3831)",0,29353122,146.76561,199.22944,0.0036564946999715175(0.0)
662,8 square 0,"(3888, 3888)",0,30233088,151.16544,207.618048,0.002082004170079017(0.0)
663,8 square 1,"(3888, 3888)",0,30233088,151.16544,207.618048,0.0037896978500066326(0.0)
664,8 square 0,"(3944, 3944)",0,31110272,155.55136,211.812352,0.0021143105199735147(0.0)
665,8 square 1,"(3944, 3944)",0,31110272,155.55136,211.812352,0.003918825110013131(0.0)
666,8 square 0,"(4000, 4000)",0,32000000,160.0,220.20096,0.0021669537101115565(0.0)
667,8 square 1,"(4000, 4000)",0,32000000,160.0,220.20096,0.004049728600075468(0.0)
668,8 square 0,"(4054, 4054)",0,32869832,164.34916,222.298112,0.0022058811801252886(0.0)
669,8 square 1,"(4054, 4054)",0,32869832,164.34916,222.298112,0.004177395070000784(0.0)
670,8 square 0,"(4108, 4108)",0,33751328,168.75664,230.68672,0.0022366772800160107(0.0)
671,8 square 1,"(4108, 4108)",0,33751328,168.75664,230.68672,0.004295738549990347(0.0)
672,8 square 0,"(4161, 4161)",0,34627842,173.13921,234.881024,0.002288707800034899(0.0)
673,8 square 1,"(4161, 4161)",0,34627842,173.13921,234.881024,0.004419584499992198(0.0)
674,8 square 0,"(4213, 4213)",0,35498738,177.49369,236.978176,0.002329929919942515(0.0)
675,8 square 1,"(4213, 4213)",0,35498738,177.49369,236.978176,0.004557671460061101(0.0)
676,8 square 0,"(4265, 4265)",0,36380450,181.90225,245.366784,0.0023704273400653618(0.0)
677,8 square 1,"(4265, 4265)",0,36380450,181.90225,245.366784,0.004712496870051836(0.0)
678,8 square 0,"(4316, 4316)",0,37255712,186.27856,249.561088,0.0024127258799853733(0.0)
679,8 square 1,"(4316, 4316)",0,37255712,186.27856,249.561088,0.004843566289928276(0.0)
680,8 square 0,"(4367, 4367)",0,38141378,190.70689,255.852544,0.002452762329921825(0.0)
681,8 square 1,"(4367, 4367)",0,38141378,190.70689,255.852544,0.004960628609987907(0.0)
682,8 square 0,"(4417, 4417)",0,39019778,195.09889,260.046848,0.00249377102998551(0.0)
683,8 square 1,"(4417, 4417)",0,39019778,195.09889,260.046848,0.005105631640035426(0.0)
684,8 square 0,"(4467, 4467)",0,39908178,199.54089,268.435456,0.0025366309299715796(0.0)
685,8 square 1,"(4467, 4467)",0,39908178,199.54089,268.435456,0.005219264979969012(0.0)
686,8 square 0,"(4515, 4515)",0,40770450,203.85225,270.532608,0.0025808744400274007(0.0)
687,8 square 1,"(4515, 4515)",0,40770450,203.85225,270.532608,0.00535594618995674(0.0)
688,8 square 0,"(4564, 4564)",0,41660192,208.30096,274.726912,0.0026192651799647137(0.0)
689,8 square 1,"(4564, 4564)",0,41660192,208.30096,274.726912,0.005513841799984221(0.0)
690,8 square 0,"(4612, 4612)",0,42541088,212.70544,283.11552,0.002703802629985148(0.0)
691,8 square 1,"(4612, 4612)",0,42541088,212.70544,283.11552,0.005478788309992524(0.0)
692,8 square 0,"(4659, 4659)",0,43412562,217.06281,285.212672,0.0027018370100995526(0.0)
693,8 square 1,"(4659, 4659)",0,43412562,217.06281,285.212672,0.005763555699959397(0.0)
694,8 square 0,"(4706, 4706)",0,44292872,221.46436,293.60128,0.0027475505899928975(0.0)
695,8 square 1,"(4706, 4706)",0,44292872,221.46436,293.60128,0.0059064435299660545(0.0)
696,8 square 0,"(4752, 4752)",0,45163008,225.81504,297.795584,0.002785846859915182(0.0)
697,8 square 1,"(4752, 4752)",0,45163008,225.81504,297.795584,0.006029686019901419(0.0)
698,8 square 0,"(4798, 4798)",0,46041608,230.20804,299.892736,0.002831175820028875(0.0)
699,8 square 1,"(4798, 4798)",0,46041608,230.20804,299.892736,0.00617359887008206(0.0)
700,8 square 0,"(4844, 4844)",0,46928672,234.64336,308.281344,0.0028701278299558906(0.0)
701,8 square 1,"(4844, 4844)",0,46928672,234.64336,308.281344,0.006326054179953644(0.0)
702,8 square 0,"(4889, 4889)",0,47804642,239.02321,312.475648,0.002909337710007094(0.0)
703,8 square 1,"(4889, 4889)",0,47804642,239.02321,312.475648,0.006468138180061942(0.0)
704,8 square 0,"(4934, 4934)",0,48688712,243.44356,318.767104,0.0029554767000081485(0.0)
705,8 square 1,"(4934, 4934)",0,48688712,243.44356,318.767104,0.006592072970088339(0.0)
706,8 square 0,"(4978, 4978)",0,49560968,247.80484,322.961408,0.002995865919947391(0.0)
707,8 square 1,"(4978, 4978)",0,49560968,247.80484,322.961408,0.006753768630005652(0.0)
708,8 square 0,"(5022, 5022)",0,50440968,252.20484,331.350016,0.00303566963004414(0.0)
709,8 square 1,"(5022, 5022)",0,50440968,252.20484,331.350016,0.006855505879939301(0.0)
710,8 square 0,"(5066, 5066)",0,51328712,256.64356,333.447168,0.003079989459947683(0.0)
711,8 square 1,"(5066, 5066)",0,51328712,256.64356,333.447168,0.007010802339937072(0.0)
712,8 square 0,"(5109, 5109)",0,52203762,261.01881,337.641472,0.0031011402200965678(0.0)
713,8 square 1,"(5109, 5109)",0,52203762,261.01881,337.641472,0.007174744939984521(0.0)
714,8 square 0,"(5152, 5152)",0,53086208,265.43104,346.03008,0.0031525140900339464(0.0)
715,8 square 1,"(5152, 5152)",0,53086208,265.43104,346.03008,0.0072917626499838665(0.0)
716,8 square 0,"(5194, 5194)",0,53955272,269.77636,348.127232,0.003202514870063169(0.0)
717,8 square 1,"(5194, 5194)",0,53955272,269.77636,348.127232,0.007445103900099639(0.0)
718,8 square 0,"(5236, 5236)",0,54831392,274.15696,356.51584,0.0032493765100662132(0.0)
719,8 square 1,"(5236, 5236)",0,54831392,274.15696,356.51584,0.00759608851003577(0.0)
720,8 square 0,"(5278, 5278)",0,55714568,278.57284,360.710144,0.003287056810077047(0.0)
721,8 square 1,"(5278, 5278)",0,55714568,278.57284,360.710144,0.007740058749914169(0.0)
722,8 square 0,"(5320, 5320)",0,56604800,283.024,362.807296,0.00333017839002423(0.0)
723,8 square 1,"(5320, 5320)",0,56604800,283.024,362.807296,0.007874213229952147(0.0)
724,8 square 0,"(5361, 5361)",0,57480642,287.40321,371.195904,0.003368237999966368(0.0)
725,8 square 1,"(5361, 5361)",0,57480642,287.40321,371.195904,0.008052389530057553(0.0)
726,8 square 0,"(5402, 5402)",0,58363208,291.81604,375.390208,0.003414660999987973(0.0)
727,8 square 1,"(5402, 5402)",0,58363208,291.81604,375.390208,0.008197949869936565(0.0)
728,8 square 0,"(5442, 5442)",0,59230728,296.15364,381.681664,0.0034534861499560063(0.0)
729,8 square 1,"(5442, 5442)",0,59230728,296.15364,381.681664,0.008298903200047789(0.0)
730,8 square 0,"(5482, 5482)",0,60104648,300.52324,385.875968,0.0034939376800321043(0.0)
731,8 square 1,"(5482, 5482)",0,60104648,300.52324,385.875968,0.00847202222008491(0.0)
732,8 square 0,"(5522, 5522)",0,60984968,304.92484,394.264576,0.003535628959944006(0.0)
733,8 square 1,"(5522, 5522)",0,60984968,304.92484,394.264576,0.008608543970040046(0.0)
734,8 square 0,"(5562, 5562)",0,61871688,309.35844,398.45888,0.003579133540042676(0.0)
735,8 square 1,"(5562, 5562)",0,61871688,309.35844,398.45888,0.00880205641995417(0.0)
736,8 square 0,"(5601, 5601)",0,62742402,313.71201,400.556032,0.0036098612799833063(0.0)
737,8 square 1,"(5601, 5601)",0,62742402,313.71201,400.556032,0.00889219602002413(0.0)
738,8 square 0,"(5640, 5640)",0,63619200,318.096,408.94464,0.0036663016300008166(0.0)
739,8 square 1,"(5640, 5640)",0,63619200,318.096,408.94464,0.009053875780082307(0.0)
740,8 square 0,"(5679, 5679)",0,64502082,322.51041,413.138944,0.003703218060109066(0.0)
741,8 square 1,"(5679, 5679)",0,64502082,322.51041,413.138944,0.00932605441994383(0.0)
742,8 square 0,"(5718, 5718)",0,65391048,326.95524,419.4304,0.0037452720099827273(0.0)
743,8 square 1,"(5718, 5718)",0,65391048,326.95524,419.4304,0.009379868539981543(0.0)
744,8 square 0,"(5756, 5756)",0,66263072,331.31536,423.624704,0.003785886149998987(0.0)
745,8 square 1,"(5756, 5756)",0,66263072,331.31536,423.624704,0.009522768419992644(0.0)
746,8 square 0,"(5794, 5794)",0,67140872,335.70436,452.984832,0.003829044770100154(0.0)
747,8 square 1,"(5794, 5794)",0,67140872,335.70436,452.984832,0.009659081260033418(0.0)
748,8 square 0,"(5832, 5832)",0,68024448,340.12224,455.081984,0.003866395229997579(0.0)
749,8 square 1,"(5832, 5832)",0,68024448,340.12224,455.081984,0.00980176572993514(0.0)
750,8 square 0,"(5869, 5869)",0,68890322,344.45161,459.276288,0.00390925921004964(0.0)
751,8 square 1,"(5869, 5869)",0,68890322,344.45161,459.276288,0.009997360300039872(0.0)
752,8 square 0,"(5907, 5907)",0,69785298,348.92649,467.664896,0.003955768070009072(0.0)
753,8 square 1,"(5907, 5907)",0,69785298,348.92649,467.664896,0.010132656899950234(0.0)
754,8 square 0,"(5944, 5944)",0,70662272,353.31136,469.762048,0.00399594595990493(0.0)
755,8 square 1,"(5944, 5944)",0,70662272,353.31136,469.762048,0.010286376320000273(0.0)
756,8 square 0,"(5981, 5981)",0,71544722,357.72361,478.150656,0.004129883960122243(0.0)
757,8 square 1,"(5981, 5981)",0,71544722,357.72361,478.150656,0.010414584930113052(0.0)
758,8 square 0,"(6017, 6017)",0,72408578,362.04289,482.34496,0.004078069490060443(0.0)
759,8 square 1,"(6017, 6017)",0,72408578,362.04289,482.34496,0.01053776603002916(0.0)
760,8 square 0,"(6054, 6054)",0,73301832,366.50916,484.442112,0.004117967060010414(0.0)
761,8 square 1,"(6054, 6054)",0,73301832,366.50916,484.442112,0.010714946779917228(0.0)
762,8 square 0,"(6090, 6090)",0,74176200,370.881,492.83072,0.004158417669968912(0.0)
763,8 square 1,"(6090, 6090)",0,74176200,370.881,492.83072,0.010886775109975133(0.0)
764,8 square 0,"(6126, 6126)",0,75055752,375.27876,497.025024,0.004183269899949664(0.0)
765,8 square 1,"(6126, 6126)",0,75055752,375.27876,497.025024,0.011029651520075276(0.0)
766,8 square 0,"(6161, 6161)",0,75915842,379.57921,503.31648,0.004227264200017089(0.0)
767,8 square 1,"(6161, 6161)",0,75915842,379.57921,503.31648,0.011145643229974666(0.0)
768,8 square 0,"(6197, 6197)",0,76805618,384.02809,507.510784,0.004283142369968118(0.0)
769,8 square 1,"(6197, 6197)",0,76805618,384.02809,507.510784,0.011321317910042126(0.0)
770,8 square 0,"(6232, 6232)",0,77675648,388.37824,515.899392,0.00432674372990732(0.0)
771,8 square 1,"(6232, 6232)",0,77675648,388.37824,515.899392,0.011473202540073543(0.0)
772,8 square 0,"(6268, 6268)",0,78575648,392.87824,517.996544,0.004365868929889985(0.0)
773,8 square 1,"(6268, 6268)",0,78575648,392.87824,517.996544,0.011630936619912973(0.0)
774,8 square 0,"(6302, 6302)",0,79430408,397.15204,522.190848,0.004408969639916905(0.0)
775,8 square 1,"(6302, 6302)",0,79430408,397.15204,522.190848,0.011796185799903469(0.0)
776,8 square 0,"(6337, 6337)",0,80315138,401.57569,530.579456,0.004451737130002584(0.0)
777,8 square 1,"(6337, 6337)",0,80315138,401.57569,530.579456,0.01194406484006322(0.0)
778,8 square 0,"(6372, 6372)",0,81204768,406.02384,532.676608,0.004494065079925349(0.0)
779,8 square 1,"(6372, 6372)",0,81204768,406.02384,532.676608,0.012121250180061906(0.0)
780,8 square 0,"(6406, 6406)",0,82073672,410.36836,541.065216,0.004587941729987506(0.0)
781,8 square 1,"(6406, 6406)",0,82073672,410.36836,541.065216,0.012211591289960778(0.0)
782,8 square 0,"(6440, 6440)",0,82947200,414.736,545.25952,0.004578283039882081(0.0)
783,8 square 1,"(6440, 6440)",0,82947200,414.736,545.25952,0.012436203840043163(0.0)
784,8 square 0,"(6474, 6474)",0,83825352,419.12676,547.356672,0.004617891649977537(0.0)
785,8 square 1,"(6474, 6474)",0,83825352,419.12676,547.356672,0.012599529949948191(0.0)
786,8 square 0,"(6508, 6508)",0,84708128,423.54064,559.939584,0.0046629154900438155(0.0)
787,8 square 1,"(6508, 6508)",0,84708128,423.54064,559.939584,0.012765659489959945(0.0)
788,8 square 0,"(6542, 6542)",0,85595528,427.97764,564.133888,0.004706305840081768(0.0)
789,8 square 1,"(6542, 6542)",0,85595528,427.97764,564.133888,0.012941574589931407(0.0)
790,8 square 0,"(6575, 6575)",0,86461250,432.30625,570.425344,0.004755321410048054(0.0)
791,8 square 1,"(6575, 6575)",0,86461250,432.30625,570.425344,0.013135986940033035(0.0)
792,8 square 0,"(6609, 6609)",0,87357762,436.78881,574.619648,0.004790894699981436(0.0)
793,8 square 1,"(6609, 6609)",0,87357762,436.78881,574.619648,0.013278742389957188(0.0)
794,8 square 0,"(6642, 6642)",0,88232328,441.16164,583.008256,0.004819111590040848(0.0)
795,8 square 1,"(6642, 6642)",0,88232328,441.16164,583.008256,0.013417176560033113(0.0)
796,8 square 0,"(6675, 6675)",0,89111250,445.55625,585.105408,0.004855153750104364(0.0)
797,8 square 1,"(6675, 6675)",0,89111250,445.55625,585.105408,0.013533649830060312(0.0)
798,8 square 0,"(6708, 6708)",0,89994528,449.97264,589.299712,0.004918182699911995(0.0)
799,8 square 1,"(6708, 6708)",0,89994528,449.97264,589.299712,0.01370677044003969(0.0)
